URL,Domain,URLLength,DomainLength,IsDomainIP,HasHTTPS,TLD,label,description
https://razorpay.com/payment-link/pl_12345?txn_id=10000,razorpay.com,55,12,0,1,com,0,Legitimate merchant payment link
https://billdesk.com/pay/electricity?txn_id=10000,billdesk.com,49,12,0,1,com,0,Official bill payment portal
https://paytm.com/recharge?txn_id=10000,paytm.com,39,9,0,1,com,0,Legitimate recharge destination
https://www.bescom.co.in/paybill?txn_id=10000,bescom.co.in,45,12,0,1,in,0,Official electricity board website
https://sbi.co.in/portal/pay?txn_id=10000,sbi.co.in,41,9,0,1,in,0,Official SBI banking portal
https://www.icicibank.com/online-pay?txn_id=10000,icicibank.com,49,13,0,1,com,0,Official ICICI banking page
https://amazon.in/gp/pay?txn_id=10000,amazon.in,37,9,0,1,in,0,Official Amazon merchant checkout
https://flipkart.com/checkout/pay?txn_id=10000,flipkart.com,46,12,0,1,com,0,Official Flipkart checkout
https://swiggy.com/checkout?txn_id=10000,swiggy.com,40,10,0,1,com,0,Official food delivery payment
https://zomato.com/pay?txn_id=10000,zomato.com,35,10,0,1,com,0,Official food merchant checkout
http://elect-pay-bill.top/pay?session_id=90000,elect-pay-bill.top,46,18,0,0,top,1,Fake electricity payment portal
http://razorpay-reward-claim.xyz/collect?session_id=90000,razorpay-reward-claim.xyz,57,25,0,0,xyz,1,Typosquatted Razorpay imposter link
http://bank-kyc-update.online/login?session_id=90000,bank-kyc-update.online,52,22,0,0,online,1,Fake bank KYC phishing site
http://customs-clearance-pay.com/duty?session_id=90000,customs-clearance-pay.com,54,25,0,0,com,1,Fake customs payment link
http://police-challan-pay.tech/challan?session_id=90000,police-challan-pay.tech,55,23,0,0,tech,1,Fake police fine payment portal
http://refund-support-portal.site/fee?session_id=90000,refund-support-portal.site,54,26,0,0,site,1,Fake refund processing fee portal
http://incometax-refund-gov.in.net/claim?session_id=90000,incometax-refund-gov.in.net,57,27,0,0,net,1,Fake government income tax refund link
http://easy-money-pay.top/join?session_id=90000,easy-money-pay.top,47,18,0,0,top,1,Scam job registration payment link
http://bill-pay-fast.online/electricity?session_id=90000,bill-pay-fast.online,56,20,0,0,online,1,Urgency-driven fake utility payment URL
http://192.168.1.105/razorpay/pay.html?session_id=90000,192.168.1.105,55,13,1,0,105,1,Raw IP address payment destination
https://razorpay.com/payment-link/pl_12345?txn_id=10001,razorpay.com,55,12,0,1,com,0,Legitimate merchant payment link
https://billdesk.com/pay/electricity?txn_id=10001,billdesk.com,49,12,0,1,com,0,Official bill payment portal
https://paytm.com/recharge?txn_id=10001,paytm.com,39,9,0,1,com,0,Legitimate recharge destination
https://www.bescom.co.in/paybill?txn_id=10001,bescom.co.in,45,12,0,1,in,0,Official electricity board website
https://sbi.co.in/portal/pay?txn_id=10001,sbi.co.in,41,9,0,1,in,0,Official SBI banking portal
https://www.icicibank.com/online-pay?txn_id=10001,icicibank.com,49,13,0,1,com,0,Official ICICI banking page
https://amazon.in/gp/pay?txn_id=10001,amazon.in,37,9,0,1,in,0,Official Amazon merchant checkout
https://flipkart.com/checkout/pay?txn_id=10001,flipkart.com,46,12,0,1,com,0,Official Flipkart checkout
https://swiggy.com/checkout?txn_id=10001,swiggy.com,40,10,0,1,com,0,Official food delivery payment
https://zomato.com/pay?txn_id=10001,zomato.com,35,10,0,1,com,0,Official food merchant checkout
http://elect-pay-bill.top/pay?session_id=90001,elect-pay-bill.top,46,18,0,0,top,1,Fake electricity payment portal
http://razorpay-reward-claim.xyz/collect?session_id=90001,razorpay-reward-claim.xyz,57,25,0,0,xyz,1,Typosquatted Razorpay imposter link
http://bank-kyc-update.online/login?session_id=90001,bank-kyc-update.online,52,22,0,0,online,1,Fake bank KYC phishing site
http://customs-clearance-pay.com/duty?session_id=90001,customs-clearance-pay.com,54,25,0,0,com,1,Fake customs payment link
http://police-challan-pay.tech/challan?session_id=90001,police-challan-pay.tech,55,23,0,0,tech,1,Fake police fine payment portal
http://refund-support-portal.site/fee?session_id=90001,refund-support-portal.site,54,26,0,0,site,1,Fake refund processing fee portal
http://incometax-refund-gov.in.net/claim?session_id=90001,incometax-refund-gov.in.net,57,27,0,0,net,1,Fake government income tax refund link
http://easy-money-pay.top/join?session_id=90001,easy-money-pay.top,47,18,0,0,top,1,Scam job registration payment link
http://bill-pay-fast.online/electricity?session_id=90001,bill-pay-fast.online,56,20,0,0,online,1,Urgency-driven fake utility payment URL
http://192.168.1.105/razorpay/pay.html?session_id=90001,192.168.1.105,55,13,1,0,105,1,Raw IP address payment destination
https://razorpay.com/payment-link/pl_12345?txn_id=10002,razorpay.com,55,12,0,1,com,0,Legitimate merchant payment link
https://billdesk.com/pay/electricity?txn_id=10002,billdesk.com,49,12,0,1,com,0,Official bill payment portal
https://paytm.com/recharge?txn_id=10002,paytm.com,39,9,0,1,com,0,Legitimate recharge destination
https://www.bescom.co.in/paybill?txn_id=10002,bescom.co.in,45,12,0,1,in,0,Official electricity board website
https://sbi.co.in/portal/pay?txn_id=10002,sbi.co.in,41,9,0,1,in,0,Official SBI banking portal
https://www.icicibank.com/online-pay?txn_id=10002,icicibank.com,49,13,0,1,com,0,Official ICICI banking page
https://amazon.in/gp/pay?txn_id=10002,amazon.in,37,9,0,1,in,0,Official Amazon merchant checkout
https://flipkart.com/checkout/pay?txn_id=10002,flipkart.com,46,12,0,1,com,0,Official Flipkart checkout
https://swiggy.com/checkout?txn_id=10002,swiggy.com,40,10,0,1,com,0,Official food delivery payment
https://zomato.com/pay?txn_id=10002,zomato.com,35,10,0,1,com,0,Official food merchant checkout
http://elect-pay-bill.top/pay?session_id=90002,elect-pay-bill.top,46,18,0,0,top,1,Fake electricity payment portal
http://razorpay-reward-claim.xyz/collect?session_id=90002,razorpay-reward-claim.xyz,57,25,0,0,xyz,1,Typosquatted Razorpay imposter link
http://bank-kyc-update.online/login?session_id=90002,bank-kyc-update.online,52,22,0,0,online,1,Fake bank KYC phishing site
http://customs-clearance-pay.com/duty?session_id=90002,customs-clearance-pay.com,54,25,0,0,com,1,Fake customs payment link
http://police-challan-pay.tech/challan?session_id=90002,police-challan-pay.tech,55,23,0,0,tech,1,Fake police fine payment portal
http://refund-support-portal.site/fee?session_id=90002,refund-support-portal.site,54,26,0,0,site,1,Fake refund processing fee portal
http://incometax-refund-gov.in.net/claim?session_id=90002,incometax-refund-gov.in.net,57,27,0,0,net,1,Fake government income tax refund link
http://easy-money-pay.top/join?session_id=90002,easy-money-pay.top,47,18,0,0,top,1,Scam job registration payment link
http://bill-pay-fast.online/electricity?session_id=90002,bill-pay-fast.online,56,20,0,0,online,1,Urgency-driven fake utility payment URL
http://192.168.1.105/razorpay/pay.html?session_id=90002,192.168.1.105,55,13,1,0,105,1,Raw IP address payment destination
https://razorpay.com/payment-link/pl_12345?txn_id=10003,razorpay.com,55,12,0,1,com,0,Legitimate merchant payment link
https://billdesk.com/pay/electricity?txn_id=10003,billdesk.com,49,12,0,1,com,0,Official bill payment portal
https://paytm.com/recharge?txn_id=10003,paytm.com,39,9,0,1,com,0,Legitimate recharge destination
https://www.bescom.co.in/paybill?txn_id=10003,bescom.co.in,45,12,0,1,in,0,Official electricity board website
https://sbi.co.in/portal/pay?txn_id=10003,sbi.co.in,41,9,0,1,in,0,Official SBI banking portal
https://www.icicibank.com/online-pay?txn_id=10003,icicibank.com,49,13,0,1,com,0,Official ICICI banking page
https://amazon.in/gp/pay?txn_id=10003,amazon.in,37,9,0,1,in,0,Official Amazon merchant checkout
https://flipkart.com/checkout/pay?txn_id=10003,flipkart.com,46,12,0,1,com,0,Official Flipkart checkout
https://swiggy.com/checkout?txn_id=10003,swiggy.com,40,10,0,1,com,0,Official food delivery payment
https://zomato.com/pay?txn_id=10003,zomato.com,35,10,0,1,com,0,Official food merchant checkout
http://elect-pay-bill.top/pay?session_id=90003,elect-pay-bill.top,46,18,0,0,top,1,Fake electricity payment portal
http://razorpay-reward-claim.xyz/collect?session_id=90003,razorpay-reward-claim.xyz,57,25,0,0,xyz,1,Typosquatted Razorpay imposter link
http://bank-kyc-update.online/login?session_id=90003,bank-kyc-update.online,52,22,0,0,online,1,Fake bank KYC phishing site
http://customs-clearance-pay.com/duty?session_id=90003,customs-clearance-pay.com,54,25,0,0,com,1,Fake customs payment link
http://police-challan-pay.tech/challan?session_id=90003,police-challan-pay.tech,55,23,0,0,tech,1,Fake police fine payment portal
http://refund-support-portal.site/fee?session_id=90003,refund-support-portal.site,54,26,0,0,site,1,Fake refund processing fee portal
http://incometax-refund-gov.in.net/claim?session_id=90003,incometax-refund-gov.in.net,57,27,0,0,net,1,Fake government income tax refund link
http://easy-money-pay.top/join?session_id=90003,easy-money-pay.top,47,18,0,0,top,1,Scam job registration payment link
http://bill-pay-fast.online/electricity?session_id=90003,bill-pay-fast.online,56,20,0,0,online,1,Urgency-driven fake utility payment URL
http://192.168.1.105/razorpay/pay.html?session_id=90003,192.168.1.105,55,13,1,0,105,1,Raw IP address payment destination
https://razorpay.com/payment-link/pl_12345?txn_id=10004,razorpay.com,55,12,0,1,com,0,Legitimate merchant payment link
https://billdesk.com/pay/electricity?txn_id=10004,billdesk.com,49,12,0,1,com,0,Official bill payment portal
https://paytm.com/recharge?txn_id=10004,paytm.com,39,9,0,1,com,0,Legitimate recharge destination
https://www.bescom.co.in/paybill?txn_id=10004,bescom.co.in,45,12,0,1,in,0,Official electricity board website
https://sbi.co.in/portal/pay?txn_id=10004,sbi.co.in,41,9,0,1,in,0,Official SBI banking portal
https://www.icicibank.com/online-pay?txn_id=10004,icicibank.com,49,13,0,1,com,0,Official ICICI banking page
https://amazon.in/gp/pay?txn_id=10004,amazon.in,37,9,0,1,in,0,Official Amazon merchant checkout
https://flipkart.com/checkout/pay?txn_id=10004,flipkart.com,46,12,0,1,com,0,Official Flipkart checkout
https://swiggy.com/checkout?txn_id=10004,swiggy.com,40,10,0,1,com,0,Official food delivery payment
https://zomato.com/pay?txn_id=10004,zomato.com,35,10,0,1,com,0,Official food merchant checkout
http://elect-pay-bill.top/pay?session_id=90004,elect-pay-bill.top,46,18,0,0,top,1,Fake electricity payment portal
http://razorpay-reward-claim.xyz/collect?session_id=90004,razorpay-reward-claim.xyz,57,25,0,0,xyz,1,Typosquatted Razorpay imposter link
http://bank-kyc-update.online/login?session_id=90004,bank-kyc-update.online,52,22,0,0,online,1,Fake bank KYC phishing site
http://customs-clearance-pay.com/duty?session_id=90004,customs-clearance-pay.com,54,25,0,0,com,1,Fake customs payment link
http://police-challan-pay.tech/challan?session_id=90004,police-challan-pay.tech,55,23,0,0,tech,1,Fake police fine payment portal
http://refund-support-portal.site/fee?session_id=90004,refund-support-portal.site,54,26,0,0,site,1,Fake refund processing fee portal
http://incometax-refund-gov.in.net/claim?session_id=90004,incometax-refund-gov.in.net,57,27,0,0,net,1,Fake government income tax refund link
http://easy-money-pay.top/join?session_id=90004,easy-money-pay.top,47,18,0,0,top,1,Scam job registration payment link
http://bill-pay-fast.online/electricity?session_id=90004,bill-pay-fast.online,56,20,0,0,online,1,Urgency-driven fake utility payment URL
http://192.168.1.105/razorpay/pay.html?session_id=90004,192.168.1.105,55,13,1,0,105,1,Raw IP address payment destination
https://razorpay.com/payment-link/pl_12345?txn_id=10005,razorpay.com,55,12,0,1,com,0,Legitimate merchant payment link
https://billdesk.com/pay/electricity?txn_id=10005,billdesk.com,49,12,0,1,com,0,Official bill payment portal
https://paytm.com/recharge?txn_id=10005,paytm.com,39,9,0,1,com,0,Legitimate recharge destination
https://www.bescom.co.in/paybill?txn_id=10005,bescom.co.in,45,12,0,1,in,0,Official electricity board website
https://sbi.co.in/portal/pay?txn_id=10005,sbi.co.in,41,9,0,1,in,0,Official SBI banking portal
https://www.icicibank.com/online-pay?txn_id=10005,icicibank.com,49,13,0,1,com,0,Official ICICI banking page
https://amazon.in/gp/pay?txn_id=10005,amazon.in,37,9,0,1,in,0,Official Amazon merchant checkout
https://flipkart.com/checkout/pay?txn_id=10005,flipkart.com,46,12,0,1,com,0,Official Flipkart checkout
https://swiggy.com/checkout?txn_id=10005,swiggy.com,40,10,0,1,com,0,Official food delivery payment
https://zomato.com/pay?txn_id=10005,zomato.com,35,10,0,1,com,0,Official food merchant checkout
http://elect-pay-bill.top/pay?session_id=90005,elect-pay-bill.top,46,18,0,0,top,1,Fake electricity payment portal
http://razorpay-reward-claim.xyz/collect?session_id=90005,razorpay-reward-claim.xyz,57,25,0,0,xyz,1,Typosquatted Razorpay imposter link
http://bank-kyc-update.online/login?session_id=90005,bank-kyc-update.online,52,22,0,0,online,1,Fake bank KYC phishing site
http://customs-clearance-pay.com/duty?session_id=90005,customs-clearance-pay.com,54,25,0,0,com,1,Fake customs payment link
http://police-challan-pay.tech/challan?session_id=90005,police-challan-pay.tech,55,23,0,0,tech,1,Fake police fine payment portal
http://refund-support-portal.site/fee?session_id=90005,refund-support-portal.site,54,26,0,0,site,1,Fake refund processing fee portal
http://incometax-refund-gov.in.net/claim?session_id=90005,incometax-refund-gov.in.net,57,27,0,0,net,1,Fake government income tax refund link
http://easy-money-pay.top/join?session_id=90005,easy-money-pay.top,47,18,0,0,top,1,Scam job registration payment link
http://bill-pay-fast.online/electricity?session_id=90005,bill-pay-fast.online,56,20,0,0,online,1,Urgency-driven fake utility payment URL
http://192.168.1.105/razorpay/pay.html?session_id=90005,192.168.1.105,55,13,1,0,105,1,Raw IP address payment destination
https://razorpay.com/payment-link/pl_12345?txn_id=10006,razorpay.com,55,12,0,1,com,0,Legitimate merchant payment link
https://billdesk.com/pay/electricity?txn_id=10006,billdesk.com,49,12,0,1,com,0,Official bill payment portal
https://paytm.com/recharge?txn_id=10006,paytm.com,39,9,0,1,com,0,Legitimate recharge destination
https://www.bescom.co.in/paybill?txn_id=10006,bescom.co.in,45,12,0,1,in,0,Official electricity board website
https://sbi.co.in/portal/pay?txn_id=10006,sbi.co.in,41,9,0,1,in,0,Official SBI banking portal
https://www.icicibank.com/online-pay?txn_id=10006,icicibank.com,49,13,0,1,com,0,Official ICICI banking page
https://amazon.in/gp/pay?txn_id=10006,amazon.in,37,9,0,1,in,0,Official Amazon merchant checkout
https://flipkart.com/checkout/pay?txn_id=10006,flipkart.com,46,12,0,1,com,0,Official Flipkart checkout
https://swiggy.com/checkout?txn_id=10006,swiggy.com,40,10,0,1,com,0,Official food delivery payment
https://zomato.com/pay?txn_id=10006,zomato.com,35,10,0,1,com,0,Official food merchant checkout
http://elect-pay-bill.top/pay?session_id=90006,elect-pay-bill.top,46,18,0,0,top,1,Fake electricity payment portal
http://razorpay-reward-claim.xyz/collect?session_id=90006,razorpay-reward-claim.xyz,57,25,0,0,xyz,1,Typosquatted Razorpay imposter link
http://bank-kyc-update.online/login?session_id=90006,bank-kyc-update.online,52,22,0,0,online,1,Fake bank KYC phishing site
http://customs-clearance-pay.com/duty?session_id=90006,customs-clearance-pay.com,54,25,0,0,com,1,Fake customs payment link
http://police-challan-pay.tech/challan?session_id=90006,police-challan-pay.tech,55,23,0,0,tech,1,Fake police fine payment portal
http://refund-support-portal.site/fee?session_id=90006,refund-support-portal.site,54,26,0,0,site,1,Fake refund processing fee portal
http://incometax-refund-gov.in.net/claim?session_id=90006,incometax-refund-gov.in.net,57,27,0,0,net,1,Fake government income tax refund link
http://easy-money-pay.top/join?session_id=90006,easy-money-pay.top,47,18,0,0,top,1,Scam job registration payment link
http://bill-pay-fast.online/electricity?session_id=90006,bill-pay-fast.online,56,20,0,0,online,1,Urgency-driven fake utility payment URL
http://192.168.1.105/razorpay/pay.html?session_id=90006,192.168.1.105,55,13,1,0,105,1,Raw IP address payment destination
https://razorpay.com/payment-link/pl_12345?txn_id=10007,razorpay.com,55,12,0,1,com,0,Legitimate merchant payment link
https://billdesk.com/pay/electricity?txn_id=10007,billdesk.com,49,12,0,1,com,0,Official bill payment portal
https://paytm.com/recharge?txn_id=10007,paytm.com,39,9,0,1,com,0,Legitimate recharge destination
https://www.bescom.co.in/paybill?txn_id=10007,bescom.co.in,45,12,0,1,in,0,Official electricity board website
https://sbi.co.in/portal/pay?txn_id=10007,sbi.co.in,41,9,0,1,in,0,Official SBI banking portal
https://www.icicibank.com/online-pay?txn_id=10007,icicibank.com,49,13,0,1,com,0,Official ICICI banking page
https://amazon.in/gp/pay?txn_id=10007,amazon.in,37,9,0,1,in,0,Official Amazon merchant checkout
https://flipkart.com/checkout/pay?txn_id=10007,flipkart.com,46,12,0,1,com,0,Official Flipkart checkout
https://swiggy.com/checkout?txn_id=10007,swiggy.com,40,10,0,1,com,0,Official food delivery payment
https://zomato.com/pay?txn_id=10007,zomato.com,35,10,0,1,com,0,Official food merchant checkout
http://elect-pay-bill.top/pay?session_id=90007,elect-pay-bill.top,46,18,0,0,top,1,Fake electricity payment portal
http://razorpay-reward-claim.xyz/collect?session_id=90007,razorpay-reward-claim.xyz,57,25,0,0,xyz,1,Typosquatted Razorpay imposter link
http://bank-kyc-update.online/login?session_id=90007,bank-kyc-update.online,52,22,0,0,online,1,Fake bank KYC phishing site
http://customs-clearance-pay.com/duty?session_id=90007,customs-clearance-pay.com,54,25,0,0,com,1,Fake customs payment link
http://police-challan-pay.tech/challan?session_id=90007,police-challan-pay.tech,55,23,0,0,tech,1,Fake police fine payment portal
http://refund-support-portal.site/fee?session_id=90007,refund-support-portal.site,54,26,0,0,site,1,Fake refund processing fee portal
http://incometax-refund-gov.in.net/claim?session_id=90007,incometax-refund-gov.in.net,57,27,0,0,net,1,Fake government income tax refund link
http://easy-money-pay.top/join?session_id=90007,easy-money-pay.top,47,18,0,0,top,1,Scam job registration payment link
http://bill-pay-fast.online/electricity?session_id=90007,bill-pay-fast.online,56,20,0,0,online,1,Urgency-driven fake utility payment URL
http://192.168.1.105/razorpay/pay.html?session_id=90007,192.168.1.105,55,13,1,0,105,1,Raw IP address payment destination
https://razorpay.com/payment-link/pl_12345?txn_id=10008,razorpay.com,55,12,0,1,com,0,Legitimate merchant payment link
https://billdesk.com/pay/electricity?txn_id=10008,billdesk.com,49,12,0,1,com,0,Official bill payment portal
https://paytm.com/recharge?txn_id=10008,paytm.com,39,9,0,1,com,0,Legitimate recharge destination
https://www.bescom.co.in/paybill?txn_id=10008,bescom.co.in,45,12,0,1,in,0,Official electricity board website
https://sbi.co.in/portal/pay?txn_id=10008,sbi.co.in,41,9,0,1,in,0,Official SBI banking portal
https://www.icicibank.com/online-pay?txn_id=10008,icicibank.com,49,13,0,1,com,0,Official ICICI banking page
https://amazon.in/gp/pay?txn_id=10008,amazon.in,37,9,0,1,in,0,Official Amazon merchant checkout
https://flipkart.com/checkout/pay?txn_id=10008,flipkart.com,46,12,0,1,com,0,Official Flipkart checkout
https://swiggy.com/checkout?txn_id=10008,swiggy.com,40,10,0,1,com,0,Official food delivery payment
https://zomato.com/pay?txn_id=10008,zomato.com,35,10,0,1,com,0,Official food merchant checkout
http://elect-pay-bill.top/pay?session_id=90008,elect-pay-bill.top,46,18,0,0,top,1,Fake electricity payment portal
http://razorpay-reward-claim.xyz/collect?session_id=90008,razorpay-reward-claim.xyz,57,25,0,0,xyz,1,Typosquatted Razorpay imposter link
http://bank-kyc-update.online/login?session_id=90008,bank-kyc-update.online,52,22,0,0,online,1,Fake bank KYC phishing site
http://customs-clearance-pay.com/duty?session_id=90008,customs-clearance-pay.com,54,25,0,0,com,1,Fake customs payment link
http://police-challan-pay.tech/challan?session_id=90008,police-challan-pay.tech,55,23,0,0,tech,1,Fake police fine payment portal
http://refund-support-portal.site/fee?session_id=90008,refund-support-portal.site,54,26,0,0,site,1,Fake refund processing fee portal
http://incometax-refund-gov.in.net/claim?session_id=90008,incometax-refund-gov.in.net,57,27,0,0,net,1,Fake government income tax refund link
http://easy-money-pay.top/join?session_id=90008,easy-money-pay.top,47,18,0,0,top,1,Scam job registration payment link
http://bill-pay-fast.online/electricity?session_id=90008,bill-pay-fast.online,56,20,0,0,online,1,Urgency-driven fake utility payment URL
http://192.168.1.105/razorpay/pay.html?session_id=90008,192.168.1.105,55,13,1,0,105,1,Raw IP address payment destination
https://razorpay.com/payment-link/pl_12345?txn_id=10009,razorpay.com,55,12,0,1,com,0,Legitimate merchant payment link
https://billdesk.com/pay/electricity?txn_id=10009,billdesk.com,49,12,0,1,com,0,Official bill payment portal
https://paytm.com/recharge?txn_id=10009,paytm.com,39,9,0,1,com,0,Legitimate recharge destination
https://www.bescom.co.in/paybill?txn_id=10009,bescom.co.in,45,12,0,1,in,0,Official electricity board website
https://sbi.co.in/portal/pay?txn_id=10009,sbi.co.in,41,9,0,1,in,0,Official SBI banking portal
https://www.icicibank.com/online-pay?txn_id=10009,icicibank.com,49,13,0,1,com,0,Official ICICI banking page
https://amazon.in/gp/pay?txn_id=10009,amazon.in,37,9,0,1,in,0,Official Amazon merchant checkout
https://flipkart.com/checkout/pay?txn_id=10009,flipkart.com,46,12,0,1,com,0,Official Flipkart checkout
https://swiggy.com/checkout?txn_id=10009,swiggy.com,40,10,0,1,com,0,Official food delivery payment
https://zomato.com/pay?txn_id=10009,zomato.com,35,10,0,1,com,0,Official food merchant checkout
http://elect-pay-bill.top/pay?session_id=90009,elect-pay-bill.top,46,18,0,0,top,1,Fake electricity payment portal
http://razorpay-reward-claim.xyz/collect?session_id=90009,razorpay-reward-claim.xyz,57,25,0,0,xyz,1,Typosquatted Razorpay imposter link
http://bank-kyc-update.online/login?session_id=90009,bank-kyc-update.online,52,22,0,0,online,1,Fake bank KYC phishing site
http://customs-clearance-pay.com/duty?session_id=90009,customs-clearance-pay.com,54,25,0,0,com,1,Fake customs payment link
http://police-challan-pay.tech/challan?session_id=90009,police-challan-pay.tech,55,23,0,0,tech,1,Fake police fine payment portal
http://refund-support-portal.site/fee?session_id=90009,refund-support-portal.site,54,26,0,0,site,1,Fake refund processing fee portal
http://incometax-refund-gov.in.net/claim?session_id=90009,incometax-refund-gov.in.net,57,27,0,0,net,1,Fake government income tax refund link
http://easy-money-pay.top/join?session_id=90009,easy-money-pay.top,47,18,0,0,top,1,Scam job registration payment link
http://bill-pay-fast.online/electricity?session_id=90009,bill-pay-fast.online,56,20,0,0,online,1,Urgency-driven fake utility payment URL
http://192.168.1.105/razorpay/pay.html?session_id=90009,192.168.1.105,55,13,1,0,105,1,Raw IP address payment destination
https://razorpay.com/payment-link/pl_12345?txn_id=10010,razorpay.com,55,12,0,1,com,0,Legitimate merchant payment link
https://billdesk.com/pay/electricity?txn_id=10010,billdesk.com,49,12,0,1,com,0,Official bill payment portal
https://paytm.com/recharge?txn_id=10010,paytm.com,39,9,0,1,com,0,Legitimate recharge destination
https://www.bescom.co.in/paybill?txn_id=10010,bescom.co.in,45,12,0,1,in,0,Official electricity board website
https://sbi.co.in/portal/pay?txn_id=10010,sbi.co.in,41,9,0,1,in,0,Official SBI banking portal
https://www.icicibank.com/online-pay?txn_id=10010,icicibank.com,49,13,0,1,com,0,Official ICICI banking page
https://amazon.in/gp/pay?txn_id=10010,amazon.in,37,9,0,1,in,0,Official Amazon merchant checkout
https://flipkart.com/checkout/pay?txn_id=10010,flipkart.com,46,12,0,1,com,0,Official Flipkart checkout
https://swiggy.com/checkout?txn_id=10010,swiggy.com,40,10,0,1,com,0,Official food delivery payment
https://zomato.com/pay?txn_id=10010,zomato.com,35,10,0,1,com,0,Official food merchant checkout
http://elect-pay-bill.top/pay?session_id=90010,elect-pay-bill.top,46,18,0,0,top,1,Fake electricity payment portal
http://razorpay-reward-claim.xyz/collect?session_id=90010,razorpay-reward-claim.xyz,57,25,0,0,xyz,1,Typosquatted Razorpay imposter link
http://bank-kyc-update.online/login?session_id=90010,bank-kyc-update.online,52,22,0,0,online,1,Fake bank KYC phishing site
http://customs-clearance-pay.com/duty?session_id=90010,customs-clearance-pay.com,54,25,0,0,com,1,Fake customs payment link
http://police-challan-pay.tech/challan?session_id=90010,police-challan-pay.tech,55,23,0,0,tech,1,Fake police fine payment portal
http://refund-support-portal.site/fee?session_id=90010,refund-support-portal.site,54,26,0,0,site,1,Fake refund processing fee portal
http://incometax-refund-gov.in.net/claim?session_id=90010,incometax-refund-gov.in.net,57,27,0,0,net,1,Fake government income tax refund link
http://easy-money-pay.top/join?session_id=90010,easy-money-pay.top,47,18,0,0,top,1,Scam job registration payment link
http://bill-pay-fast.online/electricity?session_id=90010,bill-pay-fast.online,56,20,0,0,online,1,Urgency-driven fake utility payment URL
http://192.168.1.105/razorpay/pay.html?session_id=90010,192.168.1.105,55,13,1,0,105,1,Raw IP address payment destination
https://razorpay.com/payment-link/pl_12345?txn_id=10011,razorpay.com,55,12,0,1,com,0,Legitimate merchant payment link
https://billdesk.com/pay/electricity?txn_id=10011,billdesk.com,49,12,0,1,com,0,Official bill payment portal
https://paytm.com/recharge?txn_id=10011,paytm.com,39,9,0,1,com,0,Legitimate recharge destination
https://www.bescom.co.in/paybill?txn_id=10011,bescom.co.in,45,12,0,1,in,0,Official electricity board website
https://sbi.co.in/portal/pay?txn_id=10011,sbi.co.in,41,9,0,1,in,0,Official SBI banking portal
https://www.icicibank.com/online-pay?txn_id=10011,icicibank.com,49,13,0,1,com,0,Official ICICI banking page
https://amazon.in/gp/pay?txn_id=10011,amazon.in,37,9,0,1,in,0,Official Amazon merchant checkout
https://flipkart.com/checkout/pay?txn_id=10011,flipkart.com,46,12,0,1,com,0,Official Flipkart checkout
https://swiggy.com/checkout?txn_id=10011,swiggy.com,40,10,0,1,com,0,Official food delivery payment
https://zomato.com/pay?txn_id=10011,zomato.com,35,10,0,1,com,0,Official food merchant checkout
http://elect-pay-bill.top/pay?session_id=90011,elect-pay-bill.top,46,18,0,0,top,1,Fake electricity payment portal
http://razorpay-reward-claim.xyz/collect?session_id=90011,razorpay-reward-claim.xyz,57,25,0,0,xyz,1,Typosquatted Razorpay imposter link
http://bank-kyc-update.online/login?session_id=90011,bank-kyc-update.online,52,22,0,0,online,1,Fake bank KYC phishing site
http://customs-clearance-pay.com/duty?session_id=90011,customs-clearance-pay.com,54,25,0,0,com,1,Fake customs payment link
http://police-challan-pay.tech/challan?session_id=90011,police-challan-pay.tech,55,23,0,0,tech,1,Fake police fine payment portal
http://refund-support-portal.site/fee?session_id=90011,refund-support-portal.site,54,26,0,0,site,1,Fake refund processing fee portal
http://incometax-refund-gov.in.net/claim?session_id=90011,incometax-refund-gov.in.net,57,27,0,0,net,1,Fake government income tax refund link
http://easy-money-pay.top/join?session_id=90011,easy-money-pay.top,47,18,0,0,top,1,Scam job registration payment link
http://bill-pay-fast.online/electricity?session_id=90011,bill-pay-fast.online,56,20,0,0,online,1,Urgency-driven fake utility payment URL
http://192.168.1.105/razorpay/pay.html?session_id=90011,192.168.1.105,55,13,1,0,105,1,Raw IP address payment destination
https://razorpay.com/payment-link/pl_12345?txn_id=10012,razorpay.com,55,12,0,1,com,0,Legitimate merchant payment link
https://billdesk.com/pay/electricity?txn_id=10012,billdesk.com,49,12,0,1,com,0,Official bill payment portal
https://paytm.com/recharge?txn_id=10012,paytm.com,39,9,0,1,com,0,Legitimate recharge destination
https://www.bescom.co.in/paybill?txn_id=10012,bescom.co.in,45,12,0,1,in,0,Official electricity board website
https://sbi.co.in/portal/pay?txn_id=10012,sbi.co.in,41,9,0,1,in,0,Official SBI banking portal
https://www.icicibank.com/online-pay?txn_id=10012,icicibank.com,49,13,0,1,com,0,Official ICICI banking page
https://amazon.in/gp/pay?txn_id=10012,amazon.in,37,9,0,1,in,0,Official Amazon merchant checkout
https://flipkart.com/checkout/pay?txn_id=10012,flipkart.com,46,12,0,1,com,0,Official Flipkart checkout
https://swiggy.com/checkout?txn_id=10012,swiggy.com,40,10,0,1,com,0,Official food delivery payment
https://zomato.com/pay?txn_id=10012,zomato.com,35,10,0,1,com,0,Official food merchant checkout
http://elect-pay-bill.top/pay?session_id=90012,elect-pay-bill.top,46,18,0,0,top,1,Fake electricity payment portal
http://razorpay-reward-claim.xyz/collect?session_id=90012,razorpay-reward-claim.xyz,57,25,0,0,xyz,1,Typosquatted Razorpay imposter link
http://bank-kyc-update.online/login?session_id=90012,bank-kyc-update.online,52,22,0,0,online,1,Fake bank KYC phishing site
http://customs-clearance-pay.com/duty?session_id=90012,customs-clearance-pay.com,54,25,0,0,com,1,Fake customs payment link
http://police-challan-pay.tech/challan?session_id=90012,police-challan-pay.tech,55,23,0,0,tech,1,Fake police fine payment portal
http://refund-support-portal.site/fee?session_id=90012,refund-support-portal.site,54,26,0,0,site,1,Fake refund processing fee portal
http://incometax-refund-gov.in.net/claim?session_id=90012,incometax-refund-gov.in.net,57,27,0,0,net,1,Fake government income tax refund link
http://easy-money-pay.top/join?session_id=90012,easy-money-pay.top,47,18,0,0,top,1,Scam job registration payment link
http://bill-pay-fast.online/electricity?session_id=90012,bill-pay-fast.online,56,20,0,0,online,1,Urgency-driven fake utility payment URL
http://192.168.1.105/razorpay/pay.html?session_id=90012,192.168.1.105,55,13,1,0,105,1,Raw IP address payment destination
https://razorpay.com/payment-link/pl_12345?txn_id=10013,razorpay.com,55,12,0,1,com,0,Legitimate merchant payment link
https://billdesk.com/pay/electricity?txn_id=10013,billdesk.com,49,12,0,1,com,0,Official bill payment portal
https://paytm.com/recharge?txn_id=10013,paytm.com,39,9,0,1,com,0,Legitimate recharge destination
https://www.bescom.co.in/paybill?txn_id=10013,bescom.co.in,45,12,0,1,in,0,Official electricity board website
https://sbi.co.in/portal/pay?txn_id=10013,sbi.co.in,41,9,0,1,in,0,Official SBI banking portal
https://www.icicibank.com/online-pay?txn_id=10013,icicibank.com,49,13,0,1,com,0,Official ICICI banking page
https://amazon.in/gp/pay?txn_id=10013,amazon.in,37,9,0,1,in,0,Official Amazon merchant checkout
https://flipkart.com/checkout/pay?txn_id=10013,flipkart.com,46,12,0,1,com,0,Official Flipkart checkout
https://swiggy.com/checkout?txn_id=10013,swiggy.com,40,10,0,1,com,0,Official food delivery payment
https://zomato.com/pay?txn_id=10013,zomato.com,35,10,0,1,com,0,Official food merchant checkout
http://elect-pay-bill.top/pay?session_id=90013,elect-pay-bill.top,46,18,0,0,top,1,Fake electricity payment portal
http://razorpay-reward-claim.xyz/collect?session_id=90013,razorpay-reward-claim.xyz,57,25,0,0,xyz,1,Typosquatted Razorpay imposter link
http://bank-kyc-update.online/login?session_id=90013,bank-kyc-update.online,52,22,0,0,online,1,Fake bank KYC phishing site
http://customs-clearance-pay.com/duty?session_id=90013,customs-clearance-pay.com,54,25,0,0,com,1,Fake customs payment link
http://police-challan-pay.tech/challan?session_id=90013,police-challan-pay.tech,55,23,0,0,tech,1,Fake police fine payment portal
http://refund-support-portal.site/fee?session_id=90013,refund-support-portal.site,54,26,0,0,site,1,Fake refund processing fee portal
http://incometax-refund-gov.in.net/claim?session_id=90013,incometax-refund-gov.in.net,57,27,0,0,net,1,Fake government income tax refund link
http://easy-money-pay.top/join?session_id=90013,easy-money-pay.top,47,18,0,0,top,1,Scam job registration payment link
http://bill-pay-fast.online/electricity?session_id=90013,bill-pay-fast.online,56,20,0,0,online,1,Urgency-driven fake utility payment URL
http://192.168.1.105/razorpay/pay.html?session_id=90013,192.168.1.105,55,13,1,0,105,1,Raw IP address payment destination
https://razorpay.com/payment-link/pl_12345?txn_id=10014,razorpay.com,55,12,0,1,com,0,Legitimate merchant payment link
https://billdesk.com/pay/electricity?txn_id=10014,billdesk.com,49,12,0,1,com,0,Official bill payment portal
https://paytm.com/recharge?txn_id=10014,paytm.com,39,9,0,1,com,0,Legitimate recharge destination
https://www.bescom.co.in/paybill?txn_id=10014,bescom.co.in,45,12,0,1,in,0,Official electricity board website
https://sbi.co.in/portal/pay?txn_id=10014,sbi.co.in,41,9,0,1,in,0,Official SBI banking portal
https://www.icicibank.com/online-pay?txn_id=10014,icicibank.com,49,13,0,1,com,0,Official ICICI banking page
https://amazon.in/gp/pay?txn_id=10014,amazon.in,37,9,0,1,in,0,Official Amazon merchant checkout
https://flipkart.com/checkout/pay?txn_id=10014,flipkart.com,46,12,0,1,com,0,Official Flipkart checkout
https://swiggy.com/checkout?txn_id=10014,swiggy.com,40,10,0,1,com,0,Official food delivery payment
https://zomato.com/pay?txn_id=10014,zomato.com,35,10,0,1,com,0,Official food merchant checkout
http://elect-pay-bill.top/pay?session_id=90014,elect-pay-bill.top,46,18,0,0,top,1,Fake electricity payment portal
http://razorpay-reward-claim.xyz/collect?session_id=90014,razorpay-reward-claim.xyz,57,25,0,0,xyz,1,Typosquatted Razorpay imposter link
http://bank-kyc-update.online/login?session_id=90014,bank-kyc-update.online,52,22,0,0,online,1,Fake bank KYC phishing site
http://customs-clearance-pay.com/duty?session_id=90014,customs-clearance-pay.com,54,25,0,0,com,1,Fake customs payment link
http://police-challan-pay.tech/challan?session_id=90014,police-challan-pay.tech,55,23,0,0,tech,1,Fake police fine payment portal
http://refund-support-portal.site/fee?session_id=90014,refund-support-portal.site,54,26,0,0,site,1,Fake refund processing fee portal
http://incometax-refund-gov.in.net/claim?session_id=90014,incometax-refund-gov.in.net,57,27,0,0,net,1,Fake government income tax refund link
http://easy-money-pay.top/join?session_id=90014,easy-money-pay.top,47,18,0,0,top,1,Scam job registration payment link
http://bill-pay-fast.online/electricity?session_id=90014,bill-pay-fast.online,56,20,0,0,online,1,Urgency-driven fake utility payment URL
http://192.168.1.105/razorpay/pay.html?session_id=90014,192.168.1.105,55,13,1,0,105,1,Raw IP address payment destination
https://razorpay.com/payment-link/pl_12345?txn_id=10015,razorpay.com,55,12,0,1,com,0,Legitimate merchant payment link
https://billdesk.com/pay/electricity?txn_id=10015,billdesk.com,49,12,0,1,com,0,Official bill payment portal
https://paytm.com/recharge?txn_id=10015,paytm.com,39,9,0,1,com,0,Legitimate recharge destination
https://www.bescom.co.in/paybill?txn_id=10015,bescom.co.in,45,12,0,1,in,0,Official electricity board website
https://sbi.co.in/portal/pay?txn_id=10015,sbi.co.in,41,9,0,1,in,0,Official SBI banking portal
https://www.icicibank.com/online-pay?txn_id=10015,icicibank.com,49,13,0,1,com,0,Official ICICI banking page
https://amazon.in/gp/pay?txn_id=10015,amazon.in,37,9,0,1,in,0,Official Amazon merchant checkout
https://flipkart.com/checkout/pay?txn_id=10015,flipkart.com,46,12,0,1,com,0,Official Flipkart checkout
https://swiggy.com/checkout?txn_id=10015,swiggy.com,40,10,0,1,com,0,Official food delivery payment
https://zomato.com/pay?txn_id=10015,zomato.com,35,10,0,1,com,0,Official food merchant checkout
http://elect-pay-bill.top/pay?session_id=90015,elect-pay-bill.top,46,18,0,0,top,1,Fake electricity payment portal
http://razorpay-reward-claim.xyz/collect?session_id=90015,razorpay-reward-claim.xyz,57,25,0,0,xyz,1,Typosquatted Razorpay imposter link
http://bank-kyc-update.online/login?session_id=90015,bank-kyc-update.online,52,22,0,0,online,1,Fake bank KYC phishing site
http://customs-clearance-pay.com/duty?session_id=90015,customs-clearance-pay.com,54,25,0,0,com,1,Fake customs payment link
http://police-challan-pay.tech/challan?session_id=90015,police-challan-pay.tech,55,23,0,0,tech,1,Fake police fine payment portal
http://refund-support-portal.site/fee?session_id=90015,refund-support-portal.site,54,26,0,0,site,1,Fake refund processing fee portal
http://incometax-refund-gov.in.net/claim?session_id=90015,incometax-refund-gov.in.net,57,27,0,0,net,1,Fake government income tax refund link
http://easy-money-pay.top/join?session_id=90015,easy-money-pay.top,47,18,0,0,top,1,Scam job registration payment link
http://bill-pay-fast.online/electricity?session_id=90015,bill-pay-fast.online,56,20,0,0,online,1,Urgency-driven fake utility payment URL
http://192.168.1.105/razorpay/pay.html?session_id=90015,192.168.1.105,55,13,1,0,105,1,Raw IP address payment destination
https://razorpay.com/payment-link/pl_12345?txn_id=10016,razorpay.com,55,12,0,1,com,0,Legitimate merchant payment link
https://billdesk.com/pay/electricity?txn_id=10016,billdesk.com,49,12,0,1,com,0,Official bill payment portal
https://paytm.com/recharge?txn_id=10016,paytm.com,39,9,0,1,com,0,Legitimate recharge destination
https://www.bescom.co.in/paybill?txn_id=10016,bescom.co.in,45,12,0,1,in,0,Official electricity board website
https://sbi.co.in/portal/pay?txn_id=10016,sbi.co.in,41,9,0,1,in,0,Official SBI banking portal
https://www.icicibank.com/online-pay?txn_id=10016,icicibank.com,49,13,0,1,com,0,Official ICICI banking page
https://amazon.in/gp/pay?txn_id=10016,amazon.in,37,9,0,1,in,0,Official Amazon merchant checkout
https://flipkart.com/checkout/pay?txn_id=10016,flipkart.com,46,12,0,1,com,0,Official Flipkart checkout
https://swiggy.com/checkout?txn_id=10016,swiggy.com,40,10,0,1,com,0,Official food delivery payment
https://zomato.com/pay?txn_id=10016,zomato.com,35,10,0,1,com,0,Official food merchant checkout
http://elect-pay-bill.top/pay?session_id=90016,elect-pay-bill.top,46,18,0,0,top,1,Fake electricity payment portal
http://razorpay-reward-claim.xyz/collect?session_id=90016,razorpay-reward-claim.xyz,57,25,0,0,xyz,1,Typosquatted Razorpay imposter link
http://bank-kyc-update.online/login?session_id=90016,bank-kyc-update.online,52,22,0,0,online,1,Fake bank KYC phishing site
http://customs-clearance-pay.com/duty?session_id=90016,customs-clearance-pay.com,54,25,0,0,com,1,Fake customs payment link
http://police-challan-pay.tech/challan?session_id=90016,police-challan-pay.tech,55,23,0,0,tech,1,Fake police fine payment portal
http://refund-support-portal.site/fee?session_id=90016,refund-support-portal.site,54,26,0,0,site,1,Fake refund processing fee portal
http://incometax-refund-gov.in.net/claim?session_id=90016,incometax-refund-gov.in.net,57,27,0,0,net,1,Fake government income tax refund link
http://easy-money-pay.top/join?session_id=90016,easy-money-pay.top,47,18,0,0,top,1,Scam job registration payment link
http://bill-pay-fast.online/electricity?session_id=90016,bill-pay-fast.online,56,20,0,0,online,1,Urgency-driven fake utility payment URL
http://192.168.1.105/razorpay/pay.html?session_id=90016,192.168.1.105,55,13,1,0,105,1,Raw IP address payment destination
https://razorpay.com/payment-link/pl_12345?txn_id=10017,razorpay.com,55,12,0,1,com,0,Legitimate merchant payment link
https://billdesk.com/pay/electricity?txn_id=10017,billdesk.com,49,12,0,1,com,0,Official bill payment portal
https://paytm.com/recharge?txn_id=10017,paytm.com,39,9,0,1,com,0,Legitimate recharge destination
https://www.bescom.co.in/paybill?txn_id=10017,bescom.co.in,45,12,0,1,in,0,Official electricity board website
https://sbi.co.in/portal/pay?txn_id=10017,sbi.co.in,41,9,0,1,in,0,Official SBI banking portal
https://www.icicibank.com/online-pay?txn_id=10017,icicibank.com,49,13,0,1,com,0,Official ICICI banking page
https://amazon.in/gp/pay?txn_id=10017,amazon.in,37,9,0,1,in,0,Official Amazon merchant checkout
https://flipkart.com/checkout/pay?txn_id=10017,flipkart.com,46,12,0,1,com,0,Official Flipkart checkout
https://swiggy.com/checkout?txn_id=10017,swiggy.com,40,10,0,1,com,0,Official food delivery payment
https://zomato.com/pay?txn_id=10017,zomato.com,35,10,0,1,com,0,Official food merchant checkout
http://elect-pay-bill.top/pay?session_id=90017,elect-pay-bill.top,46,18,0,0,top,1,Fake electricity payment portal
http://razorpay-reward-claim.xyz/collect?session_id=90017,razorpay-reward-claim.xyz,57,25,0,0,xyz,1,Typosquatted Razorpay imposter link
http://bank-kyc-update.online/login?session_id=90017,bank-kyc-update.online,52,22,0,0,online,1,Fake bank KYC phishing site
http://customs-clearance-pay.com/duty?session_id=90017,customs-clearance-pay.com,54,25,0,0,com,1,Fake customs payment link
http://police-challan-pay.tech/challan?session_id=90017,police-challan-pay.tech,55,23,0,0,tech,1,Fake police fine payment portal
http://refund-support-portal.site/fee?session_id=90017,refund-support-portal.site,54,26,0,0,site,1,Fake refund processing fee portal
http://incometax-refund-gov.in.net/claim?session_id=90017,incometax-refund-gov.in.net,57,27,0,0,net,1,Fake government income tax refund link
http://easy-money-pay.top/join?session_id=90017,easy-money-pay.top,47,18,0,0,top,1,Scam job registration payment link
http://bill-pay-fast.online/electricity?session_id=90017,bill-pay-fast.online,56,20,0,0,online,1,Urgency-driven fake utility payment URL
http://192.168.1.105/razorpay/pay.html?session_id=90017,192.168.1.105,55,13,1,0,105,1,Raw IP address payment destination
https://razorpay.com/payment-link/pl_12345?txn_id=10018,razorpay.com,55,12,0,1,com,0,Legitimate merchant payment link
https://billdesk.com/pay/electricity?txn_id=10018,billdesk.com,49,12,0,1,com,0,Official bill payment portal
https://paytm.com/recharge?txn_id=10018,paytm.com,39,9,0,1,com,0,Legitimate recharge destination
https://www.bescom.co.in/paybill?txn_id=10018,bescom.co.in,45,12,0,1,in,0,Official electricity board website
https://sbi.co.in/portal/pay?txn_id=10018,sbi.co.in,41,9,0,1,in,0,Official SBI banking portal
https://www.icicibank.com/online-pay?txn_id=10018,icicibank.com,49,13,0,1,com,0,Official ICICI banking page
https://amazon.in/gp/pay?txn_id=10018,amazon.in,37,9,0,1,in,0,Official Amazon merchant checkout
https://flipkart.com/checkout/pay?txn_id=10018,flipkart.com,46,12,0,1,com,0,Official Flipkart checkout
https://swiggy.com/checkout?txn_id=10018,swiggy.com,40,10,0,1,com,0,Official food delivery payment
https://zomato.com/pay?txn_id=10018,zomato.com,35,10,0,1,com,0,Official food merchant checkout
http://elect-pay-bill.top/pay?session_id=90018,elect-pay-bill.top,46,18,0,0,top,1,Fake electricity payment portal
http://razorpay-reward-claim.xyz/collect?session_id=90018,razorpay-reward-claim.xyz,57,25,0,0,xyz,1,Typosquatted Razorpay imposter link
http://bank-kyc-update.online/login?session_id=90018,bank-kyc-update.online,52,22,0,0,online,1,Fake bank KYC phishing site
http://customs-clearance-pay.com/duty?session_id=90018,customs-clearance-pay.com,54,25,0,0,com,1,Fake customs payment link
http://police-challan-pay.tech/challan?session_id=90018,police-challan-pay.tech,55,23,0,0,tech,1,Fake police fine payment portal
http://refund-support-portal.site/fee?session_id=90018,refund-support-portal.site,54,26,0,0,site,1,Fake refund processing fee portal
http://incometax-refund-gov.in.net/claim?session_id=90018,incometax-refund-gov.in.net,57,27,0,0,net,1,Fake government income tax refund link
http://easy-money-pay.top/join?session_id=90018,easy-money-pay.top,47,18,0,0,top,1,Scam job registration payment link
http://bill-pay-fast.online/electricity?session_id=90018,bill-pay-fast.online,56,20,0,0,online,1,Urgency-driven fake utility payment URL
http://192.168.1.105/razorpay/pay.html?session_id=90018,192.168.1.105,55,13,1,0,105,1,Raw IP address payment destination
https://razorpay.com/payment-link/pl_12345?txn_id=10019,razorpay.com,55,12,0,1,com,0,Legitimate merchant payment link
https://billdesk.com/pay/electricity?txn_id=10019,billdesk.com,49,12,0,1,com,0,Official bill payment portal
https://paytm.com/recharge?txn_id=10019,paytm.com,39,9,0,1,com,0,Legitimate recharge destination
https://www.bescom.co.in/paybill?txn_id=10019,bescom.co.in,45,12,0,1,in,0,Official electricity board website
https://sbi.co.in/portal/pay?txn_id=10019,sbi.co.in,41,9,0,1,in,0,Official SBI banking portal
https://www.icicibank.com/online-pay?txn_id=10019,icicibank.com,49,13,0,1,com,0,Official ICICI banking page
https://amazon.in/gp/pay?txn_id=10019,amazon.in,37,9,0,1,in,0,Official Amazon merchant checkout
https://flipkart.com/checkout/pay?txn_id=10019,flipkart.com,46,12,0,1,com,0,Official Flipkart checkout
https://swiggy.com/checkout?txn_id=10019,swiggy.com,40,10,0,1,com,0,Official food delivery payment
https://zomato.com/pay?txn_id=10019,zomato.com,35,10,0,1,com,0,Official food merchant checkout
http://elect-pay-bill.top/pay?session_id=90019,elect-pay-bill.top,46,18,0,0,top,1,Fake electricity payment portal
http://razorpay-reward-claim.xyz/collect?session_id=90019,razorpay-reward-claim.xyz,57,25,0,0,xyz,1,Typosquatted Razorpay imposter link
http://bank-kyc-update.online/login?session_id=90019,bank-kyc-update.online,52,22,0,0,online,1,Fake bank KYC phishing site
http://customs-clearance-pay.com/duty?session_id=90019,customs-clearance-pay.com,54,25,0,0,com,1,Fake customs payment link
http://police-challan-pay.tech/challan?session_id=90019,police-challan-pay.tech,55,23,0,0,tech,1,Fake police fine payment portal
http://refund-support-portal.site/fee?session_id=90019,refund-support-portal.site,54,26,0,0,site,1,Fake refund processing fee portal
http://incometax-refund-gov.in.net/claim?session_id=90019,incometax-refund-gov.in.net,57,27,0,0,net,1,Fake government income tax refund link
http://easy-money-pay.top/join?session_id=90019,easy-money-pay.top,47,18,0,0,top,1,Scam job registration payment link
http://bill-pay-fast.online/electricity?session_id=90019,bill-pay-fast.online,56,20,0,0,online,1,Urgency-driven fake utility payment URL
http://192.168.1.105/razorpay/pay.html?session_id=90019,192.168.1.105,55,13,1,0,105,1,Raw IP address payment destination
https://razorpay.com/payment-link/pl_12345?txn_id=10020,razorpay.com,55,12,0,1,com,0,Legitimate merchant payment link
https://billdesk.com/pay/electricity?txn_id=10020,billdesk.com,49,12,0,1,com,0,Official bill payment portal
https://paytm.com/recharge?txn_id=10020,paytm.com,39,9,0,1,com,0,Legitimate recharge destination
https://www.bescom.co.in/paybill?txn_id=10020,bescom.co.in,45,12,0,1,in,0,Official electricity board website
https://sbi.co.in/portal/pay?txn_id=10020,sbi.co.in,41,9,0,1,in,0,Official SBI banking portal
https://www.icicibank.com/online-pay?txn_id=10020,icicibank.com,49,13,0,1,com,0,Official ICICI banking page
https://amazon.in/gp/pay?txn_id=10020,amazon.in,37,9,0,1,in,0,Official Amazon merchant checkout
https://flipkart.com/checkout/pay?txn_id=10020,flipkart.com,46,12,0,1,com,0,Official Flipkart checkout
https://swiggy.com/checkout?txn_id=10020,swiggy.com,40,10,0,1,com,0,Official food delivery payment
https://zomato.com/pay?txn_id=10020,zomato.com,35,10,0,1,com,0,Official food merchant checkout
http://elect-pay-bill.top/pay?session_id=90020,elect-pay-bill.top,46,18,0,0,top,1,Fake electricity payment portal
http://razorpay-reward-claim.xyz/collect?session_id=90020,razorpay-reward-claim.xyz,57,25,0,0,xyz,1,Typosquatted Razorpay imposter link
http://bank-kyc-update.online/login?session_id=90020,bank-kyc-update.online,52,22,0,0,online,1,Fake bank KYC phishing site
http://customs-clearance-pay.com/duty?session_id=90020,customs-clearance-pay.com,54,25,0,0,com,1,Fake customs payment link
http://police-challan-pay.tech/challan?session_id=90020,police-challan-pay.tech,55,23,0,0,tech,1,Fake police fine payment portal
http://refund-support-portal.site/fee?session_id=90020,refund-support-portal.site,54,26,0,0,site,1,Fake refund processing fee portal
http://incometax-refund-gov.in.net/claim?session_id=90020,incometax-refund-gov.in.net,57,27,0,0,net,1,Fake government income tax refund link
http://easy-money-pay.top/join?session_id=90020,easy-money-pay.top,47,18,0,0,top,1,Scam job registration payment link
http://bill-pay-fast.online/electricity?session_id=90020,bill-pay-fast.online,56,20,0,0,online,1,Urgency-driven fake utility payment URL
http://192.168.1.105/razorpay/pay.html?session_id=90020,192.168.1.105,55,13,1,0,105,1,Raw IP address payment destination
https://razorpay.com/payment-link/pl_12345?txn_id=10021,razorpay.com,55,12,0,1,com,0,Legitimate merchant payment link
https://billdesk.com/pay/electricity?txn_id=10021,billdesk.com,49,12,0,1,com,0,Official bill payment portal
https://paytm.com/recharge?txn_id=10021,paytm.com,39,9,0,1,com,0,Legitimate recharge destination
https://www.bescom.co.in/paybill?txn_id=10021,bescom.co.in,45,12,0,1,in,0,Official electricity board website
https://sbi.co.in/portal/pay?txn_id=10021,sbi.co.in,41,9,0,1,in,0,Official SBI banking portal
https://www.icicibank.com/online-pay?txn_id=10021,icicibank.com,49,13,0,1,com,0,Official ICICI banking page
https://amazon.in/gp/pay?txn_id=10021,amazon.in,37,9,0,1,in,0,Official Amazon merchant checkout
https://flipkart.com/checkout/pay?txn_id=10021,flipkart.com,46,12,0,1,com,0,Official Flipkart checkout
https://swiggy.com/checkout?txn_id=10021,swiggy.com,40,10,0,1,com,0,Official food delivery payment
https://zomato.com/pay?txn_id=10021,zomato.com,35,10,0,1,com,0,Official food merchant checkout
http://elect-pay-bill.top/pay?session_id=90021,elect-pay-bill.top,46,18,0,0,top,1,Fake electricity payment portal
http://razorpay-reward-claim.xyz/collect?session_id=90021,razorpay-reward-claim.xyz,57,25,0,0,xyz,1,Typosquatted Razorpay imposter link
http://bank-kyc-update.online/login?session_id=90021,bank-kyc-update.online,52,22,0,0,online,1,Fake bank KYC phishing site
http://customs-clearance-pay.com/duty?session_id=90021,customs-clearance-pay.com,54,25,0,0,com,1,Fake customs payment link
http://police-challan-pay.tech/challan?session_id=90021,police-challan-pay.tech,55,23,0,0,tech,1,Fake police fine payment portal
http://refund-support-portal.site/fee?session_id=90021,refund-support-portal.site,54,26,0,0,site,1,Fake refund processing fee portal
http://incometax-refund-gov.in.net/claim?session_id=90021,incometax-refund-gov.in.net,57,27,0,0,net,1,Fake government income tax refund link
http://easy-money-pay.top/join?session_id=90021,easy-money-pay.top,47,18,0,0,top,1,Scam job registration payment link
http://bill-pay-fast.online/electricity?session_id=90021,bill-pay-fast.online,56,20,0,0,online,1,Urgency-driven fake utility payment URL
http://192.168.1.105/razorpay/pay.html?session_id=90021,192.168.1.105,55,13,1,0,105,1,Raw IP address payment destination
https://razorpay.com/payment-link/pl_12345?txn_id=10022,razorpay.com,55,12,0,1,com,0,Legitimate merchant payment link
https://billdesk.com/pay/electricity?txn_id=10022,billdesk.com,49,12,0,1,com,0,Official bill payment portal
https://paytm.com/recharge?txn_id=10022,paytm.com,39,9,0,1,com,0,Legitimate recharge destination
https://www.bescom.co.in/paybill?txn_id=10022,bescom.co.in,45,12,0,1,in,0,Official electricity board website
https://sbi.co.in/portal/pay?txn_id=10022,sbi.co.in,41,9,0,1,in,0,Official SBI banking portal
https://www.icicibank.com/online-pay?txn_id=10022,icicibank.com,49,13,0,1,com,0,Official ICICI banking page
https://amazon.in/gp/pay?txn_id=10022,amazon.in,37,9,0,1,in,0,Official Amazon merchant checkout
https://flipkart.com/checkout/pay?txn_id=10022,flipkart.com,46,12,0,1,com,0,Official Flipkart checkout
https://swiggy.com/checkout?txn_id=10022,swiggy.com,40,10,0,1,com,0,Official food delivery payment
https://zomato.com/pay?txn_id=10022,zomato.com,35,10,0,1,com,0,Official food merchant checkout
http://elect-pay-bill.top/pay?session_id=90022,elect-pay-bill.top,46,18,0,0,top,1,Fake electricity payment portal
http://razorpay-reward-claim.xyz/collect?session_id=90022,razorpay-reward-claim.xyz,57,25,0,0,xyz,1,Typosquatted Razorpay imposter link
http://bank-kyc-update.online/login?session_id=90022,bank-kyc-update.online,52,22,0,0,online,1,Fake bank KYC phishing site
http://customs-clearance-pay.com/duty?session_id=90022,customs-clearance-pay.com,54,25,0,0,com,1,Fake customs payment link
http://police-challan-pay.tech/challan?session_id=90022,police-challan-pay.tech,55,23,0,0,tech,1,Fake police fine payment portal
http://refund-support-portal.site/fee?session_id=90022,refund-support-portal.site,54,26,0,0,site,1,Fake refund processing fee portal
http://incometax-refund-gov.in.net/claim?session_id=90022,incometax-refund-gov.in.net,57,27,0,0,net,1,Fake government income tax refund link
http://easy-money-pay.top/join?session_id=90022,easy-money-pay.top,47,18,0,0,top,1,Scam job registration payment link
http://bill-pay-fast.online/electricity?session_id=90022,bill-pay-fast.online,56,20,0,0,online,1,Urgency-driven fake utility payment URL
http://192.168.1.105/razorpay/pay.html?session_id=90022,192.168.1.105,55,13,1,0,105,1,Raw IP address payment destination
https://razorpay.com/payment-link/pl_12345?txn_id=10023,razorpay.com,55,12,0,1,com,0,Legitimate merchant payment link
https://billdesk.com/pay/electricity?txn_id=10023,billdesk.com,49,12,0,1,com,0,Official bill payment portal
https://paytm.com/recharge?txn_id=10023,paytm.com,39,9,0,1,com,0,Legitimate recharge destination
https://www.bescom.co.in/paybill?txn_id=10023,bescom.co.in,45,12,0,1,in,0,Official electricity board website
https://sbi.co.in/portal/pay?txn_id=10023,sbi.co.in,41,9,0,1,in,0,Official SBI banking portal
https://www.icicibank.com/online-pay?txn_id=10023,icicibank.com,49,13,0,1,com,0,Official ICICI banking page
https://amazon.in/gp/pay?txn_id=10023,amazon.in,37,9,0,1,in,0,Official Amazon merchant checkout
https://flipkart.com/checkout/pay?txn_id=10023,flipkart.com,46,12,0,1,com,0,Official Flipkart checkout
https://swiggy.com/checkout?txn_id=10023,swiggy.com,40,10,0,1,com,0,Official food delivery payment
https://zomato.com/pay?txn_id=10023,zomato.com,35,10,0,1,com,0,Official food merchant checkout
http://elect-pay-bill.top/pay?session_id=90023,elect-pay-bill.top,46,18,0,0,top,1,Fake electricity payment portal
http://razorpay-reward-claim.xyz/collect?session_id=90023,razorpay-reward-claim.xyz,57,25,0,0,xyz,1,Typosquatted Razorpay imposter link
http://bank-kyc-update.online/login?session_id=90023,bank-kyc-update.online,52,22,0,0,online,1,Fake bank KYC phishing site
http://customs-clearance-pay.com/duty?session_id=90023,customs-clearance-pay.com,54,25,0,0,com,1,Fake customs payment link
http://police-challan-pay.tech/challan?session_id=90023,police-challan-pay.tech,55,23,0,0,tech,1,Fake police fine payment portal
http://refund-support-portal.site/fee?session_id=90023,refund-support-portal.site,54,26,0,0,site,1,Fake refund processing fee portal
http://incometax-refund-gov.in.net/claim?session_id=90023,incometax-refund-gov.in.net,57,27,0,0,net,1,Fake government income tax refund link
http://easy-money-pay.top/join?session_id=90023,easy-money-pay.top,47,18,0,0,top,1,Scam job registration payment link
http://bill-pay-fast.online/electricity?session_id=90023,bill-pay-fast.online,56,20,0,0,online,1,Urgency-driven fake utility payment URL
http://192.168.1.105/razorpay/pay.html?session_id=90023,192.168.1.105,55,13,1,0,105,1,Raw IP address payment destination
https://razorpay.com/payment-link/pl_12345?txn_id=10024,razorpay.com,55,12,0,1,com,0,Legitimate merchant payment link
https://billdesk.com/pay/electricity?txn_id=10024,billdesk.com,49,12,0,1,com,0,Official bill payment portal
https://paytm.com/recharge?txn_id=10024,paytm.com,39,9,0,1,com,0,Legitimate recharge destination
https://www.bescom.co.in/paybill?txn_id=10024,bescom.co.in,45,12,0,1,in,0,Official electricity board website
https://sbi.co.in/portal/pay?txn_id=10024,sbi.co.in,41,9,0,1,in,0,Official SBI banking portal
https://www.icicibank.com/online-pay?txn_id=10024,icicibank.com,49,13,0,1,com,0,Official ICICI banking page
https://amazon.in/gp/pay?txn_id=10024,amazon.in,37,9,0,1,in,0,Official Amazon merchant checkout
https://flipkart.com/checkout/pay?txn_id=10024,flipkart.com,46,12,0,1,com,0,Official Flipkart checkout
https://swiggy.com/checkout?txn_id=10024,swiggy.com,40,10,0,1,com,0,Official food delivery payment
https://zomato.com/pay?txn_id=10024,zomato.com,35,10,0,1,com,0,Official food merchant checkout
http://elect-pay-bill.top/pay?session_id=90024,elect-pay-bill.top,46,18,0,0,top,1,Fake electricity payment portal
http://razorpay-reward-claim.xyz/collect?session_id=90024,razorpay-reward-claim.xyz,57,25,0,0,xyz,1,Typosquatted Razorpay imposter link
http://bank-kyc-update.online/login?session_id=90024,bank-kyc-update.online,52,22,0,0,online,1,Fake bank KYC phishing site
http://customs-clearance-pay.com/duty?session_id=90024,customs-clearance-pay.com,54,25,0,0,com,1,Fake customs payment link
http://police-challan-pay.tech/challan?session_id=90024,police-challan-pay.tech,55,23,0,0,tech,1,Fake police fine payment portal
http://refund-support-portal.site/fee?session_id=90024,refund-support-portal.site,54,26,0,0,site,1,Fake refund processing fee portal
http://incometax-refund-gov.in.net/claim?session_id=90024,incometax-refund-gov.in.net,57,27,0,0,net,1,Fake government income tax refund link
http://easy-money-pay.top/join?session_id=90024,easy-money-pay.top,47,18,0,0,top,1,Scam job registration payment link
http://bill-pay-fast.online/electricity?session_id=90024,bill-pay-fast.online,56,20,0,0,online,1,Urgency-driven fake utility payment URL
http://192.168.1.105/razorpay/pay.html?session_id=90024,192.168.1.105,55,13,1,0,105,1,Raw IP address payment destination
https://razorpay.com/payment-link/pl_12345?txn_id=10025,razorpay.com,55,12,0,1,com,0,Legitimate merchant payment link
https://billdesk.com/pay/electricity?txn_id=10025,billdesk.com,49,12,0,1,com,0,Official bill payment portal
https://paytm.com/recharge?txn_id=10025,paytm.com,39,9,0,1,com,0,Legitimate recharge destination
https://www.bescom.co.in/paybill?txn_id=10025,bescom.co.in,45,12,0,1,in,0,Official electricity board website
https://sbi.co.in/portal/pay?txn_id=10025,sbi.co.in,41,9,0,1,in,0,Official SBI banking portal
https://www.icicibank.com/online-pay?txn_id=10025,icicibank.com,49,13,0,1,com,0,Official ICICI banking page
https://amazon.in/gp/pay?txn_id=10025,amazon.in,37,9,0,1,in,0,Official Amazon merchant checkout
https://flipkart.com/checkout/pay?txn_id=10025,flipkart.com,46,12,0,1,com,0,Official Flipkart checkout
https://swiggy.com/checkout?txn_id=10025,swiggy.com,40,10,0,1,com,0,Official food delivery payment
https://zomato.com/pay?txn_id=10025,zomato.com,35,10,0,1,com,0,Official food merchant checkout
http://elect-pay-bill.top/pay?session_id=90025,elect-pay-bill.top,46,18,0,0,top,1,Fake electricity payment portal
http://razorpay-reward-claim.xyz/collect?session_id=90025,razorpay-reward-claim.xyz,57,25,0,0,xyz,1,Typosquatted Razorpay imposter link
http://bank-kyc-update.online/login?session_id=90025,bank-kyc-update.online,52,22,0,0,online,1,Fake bank KYC phishing site
http://customs-clearance-pay.com/duty?session_id=90025,customs-clearance-pay.com,54,25,0,0,com,1,Fake customs payment link
http://police-challan-pay.tech/challan?session_id=90025,police-challan-pay.tech,55,23,0,0,tech,1,Fake police fine payment portal
http://refund-support-portal.site/fee?session_id=90025,refund-support-portal.site,54,26,0,0,site,1,Fake refund processing fee portal
http://incometax-refund-gov.in.net/claim?session_id=90025,incometax-refund-gov.in.net,57,27,0,0,net,1,Fake government income tax refund link
http://easy-money-pay.top/join?session_id=90025,easy-money-pay.top,47,18,0,0,top,1,Scam job registration payment link
http://bill-pay-fast.online/electricity?session_id=90025,bill-pay-fast.online,56,20,0,0,online,1,Urgency-driven fake utility payment URL
http://192.168.1.105/razorpay/pay.html?session_id=90025,192.168.1.105,55,13,1,0,105,1,Raw IP address payment destination
https://razorpay.com/payment-link/pl_12345?txn_id=10026,razorpay.com,55,12,0,1,com,0,Legitimate merchant payment link
https://billdesk.com/pay/electricity?txn_id=10026,billdesk.com,49,12,0,1,com,0,Official bill payment portal
https://paytm.com/recharge?txn_id=10026,paytm.com,39,9,0,1,com,0,Legitimate recharge destination
https://www.bescom.co.in/paybill?txn_id=10026,bescom.co.in,45,12,0,1,in,0,Official electricity board website
https://sbi.co.in/portal/pay?txn_id=10026,sbi.co.in,41,9,0,1,in,0,Official SBI banking portal
https://www.icicibank.com/online-pay?txn_id=10026,icicibank.com,49,13,0,1,com,0,Official ICICI banking page
https://amazon.in/gp/pay?txn_id=10026,amazon.in,37,9,0,1,in,0,Official Amazon merchant checkout
https://flipkart.com/checkout/pay?txn_id=10026,flipkart.com,46,12,0,1,com,0,Official Flipkart checkout
https://swiggy.com/checkout?txn_id=10026,swiggy.com,40,10,0,1,com,0,Official food delivery payment
https://zomato.com/pay?txn_id=10026,zomato.com,35,10,0,1,com,0,Official food merchant checkout
http://elect-pay-bill.top/pay?session_id=90026,elect-pay-bill.top,46,18,0,0,top,1,Fake electricity payment portal
http://razorpay-reward-claim.xyz/collect?session_id=90026,razorpay-reward-claim.xyz,57,25,0,0,xyz,1,Typosquatted Razorpay imposter link
http://bank-kyc-update.online/login?session_id=90026,bank-kyc-update.online,52,22,0,0,online,1,Fake bank KYC phishing site
http://customs-clearance-pay.com/duty?session_id=90026,customs-clearance-pay.com,54,25,0,0,com,1,Fake customs payment link
http://police-challan-pay.tech/challan?session_id=90026,police-challan-pay.tech,55,23,0,0,tech,1,Fake police fine payment portal
http://refund-support-portal.site/fee?session_id=90026,refund-support-portal.site,54,26,0,0,site,1,Fake refund processing fee portal
http://incometax-refund-gov.in.net/claim?session_id=90026,incometax-refund-gov.in.net,57,27,0,0,net,1,Fake government income tax refund link
http://easy-money-pay.top/join?session_id=90026,easy-money-pay.top,47,18,0,0,top,1,Scam job registration payment link
http://bill-pay-fast.online/electricity?session_id=90026,bill-pay-fast.online,56,20,0,0,online,1,Urgency-driven fake utility payment URL
http://192.168.1.105/razorpay/pay.html?session_id=90026,192.168.1.105,55,13,1,0,105,1,Raw IP address payment destination
https://razorpay.com/payment-link/pl_12345?txn_id=10027,razorpay.com,55,12,0,1,com,0,Legitimate merchant payment link
https://billdesk.com/pay/electricity?txn_id=10027,billdesk.com,49,12,0,1,com,0,Official bill payment portal
https://paytm.com/recharge?txn_id=10027,paytm.com,39,9,0,1,com,0,Legitimate recharge destination
https://www.bescom.co.in/paybill?txn_id=10027,bescom.co.in,45,12,0,1,in,0,Official electricity board website
https://sbi.co.in/portal/pay?txn_id=10027,sbi.co.in,41,9,0,1,in,0,Official SBI banking portal
https://www.icicibank.com/online-pay?txn_id=10027,icicibank.com,49,13,0,1,com,0,Official ICICI banking page
https://amazon.in/gp/pay?txn_id=10027,amazon.in,37,9,0,1,in,0,Official Amazon merchant checkout
https://flipkart.com/checkout/pay?txn_id=10027,flipkart.com,46,12,0,1,com,0,Official Flipkart checkout
https://swiggy.com/checkout?txn_id=10027,swiggy.com,40,10,0,1,com,0,Official food delivery payment
https://zomato.com/pay?txn_id=10027,zomato.com,35,10,0,1,com,0,Official food merchant checkout
http://elect-pay-bill.top/pay?session_id=90027,elect-pay-bill.top,46,18,0,0,top,1,Fake electricity payment portal
http://razorpay-reward-claim.xyz/collect?session_id=90027,razorpay-reward-claim.xyz,57,25,0,0,xyz,1,Typosquatted Razorpay imposter link
http://bank-kyc-update.online/login?session_id=90027,bank-kyc-update.online,52,22,0,0,online,1,Fake bank KYC phishing site
http://customs-clearance-pay.com/duty?session_id=90027,customs-clearance-pay.com,54,25,0,0,com,1,Fake customs payment link
http://police-challan-pay.tech/challan?session_id=90027,police-challan-pay.tech,55,23,0,0,tech,1,Fake police fine payment portal
http://refund-support-portal.site/fee?session_id=90027,refund-support-portal.site,54,26,0,0,site,1,Fake refund processing fee portal
http://incometax-refund-gov.in.net/claim?session_id=90027,incometax-refund-gov.in.net,57,27,0,0,net,1,Fake government income tax refund link
http://easy-money-pay.top/join?session_id=90027,easy-money-pay.top,47,18,0,0,top,1,Scam job registration payment link
http://bill-pay-fast.online/electricity?session_id=90027,bill-pay-fast.online,56,20,0,0,online,1,Urgency-driven fake utility payment URL
http://192.168.1.105/razorpay/pay.html?session_id=90027,192.168.1.105,55,13,1,0,105,1,Raw IP address payment destination
https://razorpay.com/payment-link/pl_12345?txn_id=10028,razorpay.com,55,12,0,1,com,0,Legitimate merchant payment link
https://billdesk.com/pay/electricity?txn_id=10028,billdesk.com,49,12,0,1,com,0,Official bill payment portal
https://paytm.com/recharge?txn_id=10028,paytm.com,39,9,0,1,com,0,Legitimate recharge destination
https://www.bescom.co.in/paybill?txn_id=10028,bescom.co.in,45,12,0,1,in,0,Official electricity board website
https://sbi.co.in/portal/pay?txn_id=10028,sbi.co.in,41,9,0,1,in,0,Official SBI banking portal
https://www.icicibank.com/online-pay?txn_id=10028,icicibank.com,49,13,0,1,com,0,Official ICICI banking page
https://amazon.in/gp/pay?txn_id=10028,amazon.in,37,9,0,1,in,0,Official Amazon merchant checkout
https://flipkart.com/checkout/pay?txn_id=10028,flipkart.com,46,12,0,1,com,0,Official Flipkart checkout
https://swiggy.com/checkout?txn_id=10028,swiggy.com,40,10,0,1,com,0,Official food delivery payment
https://zomato.com/pay?txn_id=10028,zomato.com,35,10,0,1,com,0,Official food merchant checkout
http://elect-pay-bill.top/pay?session_id=90028,elect-pay-bill.top,46,18,0,0,top,1,Fake electricity payment portal
http://razorpay-reward-claim.xyz/collect?session_id=90028,razorpay-reward-claim.xyz,57,25,0,0,xyz,1,Typosquatted Razorpay imposter link
http://bank-kyc-update.online/login?session_id=90028,bank-kyc-update.online,52,22,0,0,online,1,Fake bank KYC phishing site
http://customs-clearance-pay.com/duty?session_id=90028,customs-clearance-pay.com,54,25,0,0,com,1,Fake customs payment link
http://police-challan-pay.tech/challan?session_id=90028,police-challan-pay.tech,55,23,0,0,tech,1,Fake police fine payment portal
http://refund-support-portal.site/fee?session_id=90028,refund-support-portal.site,54,26,0,0,site,1,Fake refund processing fee portal
http://incometax-refund-gov.in.net/claim?session_id=90028,incometax-refund-gov.in.net,57,27,0,0,net,1,Fake government income tax refund link
http://easy-money-pay.top/join?session_id=90028,easy-money-pay.top,47,18,0,0,top,1,Scam job registration payment link
http://bill-pay-fast.online/electricity?session_id=90028,bill-pay-fast.online,56,20,0,0,online,1,Urgency-driven fake utility payment URL
http://192.168.1.105/razorpay/pay.html?session_id=90028,192.168.1.105,55,13,1,0,105,1,Raw IP address payment destination
https://razorpay.com/payment-link/pl_12345?txn_id=10029,razorpay.com,55,12,0,1,com,0,Legitimate merchant payment link
https://billdesk.com/pay/electricity?txn_id=10029,billdesk.com,49,12,0,1,com,0,Official bill payment portal
https://paytm.com/recharge?txn_id=10029,paytm.com,39,9,0,1,com,0,Legitimate recharge destination
https://www.bescom.co.in/paybill?txn_id=10029,bescom.co.in,45,12,0,1,in,0,Official electricity board website
https://sbi.co.in/portal/pay?txn_id=10029,sbi.co.in,41,9,0,1,in,0,Official SBI banking portal
https://www.icicibank.com/online-pay?txn_id=10029,icicibank.com,49,13,0,1,com,0,Official ICICI banking page
https://amazon.in/gp/pay?txn_id=10029,amazon.in,37,9,0,1,in,0,Official Amazon merchant checkout
https://flipkart.com/checkout/pay?txn_id=10029,flipkart.com,46,12,0,1,com,0,Official Flipkart checkout
https://swiggy.com/checkout?txn_id=10029,swiggy.com,40,10,0,1,com,0,Official food delivery payment
https://zomato.com/pay?txn_id=10029,zomato.com,35,10,0,1,com,0,Official food merchant checkout
http://elect-pay-bill.top/pay?session_id=90029,elect-pay-bill.top,46,18,0,0,top,1,Fake electricity payment portal
http://razorpay-reward-claim.xyz/collect?session_id=90029,razorpay-reward-claim.xyz,57,25,0,0,xyz,1,Typosquatted Razorpay imposter link
http://bank-kyc-update.online/login?session_id=90029,bank-kyc-update.online,52,22,0,0,online,1,Fake bank KYC phishing site
http://customs-clearance-pay.com/duty?session_id=90029,customs-clearance-pay.com,54,25,0,0,com,1,Fake customs payment link
http://police-challan-pay.tech/challan?session_id=90029,police-challan-pay.tech,55,23,0,0,tech,1,Fake police fine payment portal
http://refund-support-portal.site/fee?session_id=90029,refund-support-portal.site,54,26,0,0,site,1,Fake refund processing fee portal
http://incometax-refund-gov.in.net/claim?session_id=90029,incometax-refund-gov.in.net,57,27,0,0,net,1,Fake government income tax refund link
http://easy-money-pay.top/join?session_id=90029,easy-money-pay.top,47,18,0,0,top,1,Scam job registration payment link
http://bill-pay-fast.online/electricity?session_id=90029,bill-pay-fast.online,56,20,0,0,online,1,Urgency-driven fake utility payment URL
http://192.168.1.105/razorpay/pay.html?session_id=90029,192.168.1.105,55,13,1,0,105,1,Raw IP address payment destination
https://razorpay.com/payment-link/pl_12345?txn_id=10030,razorpay.com,55,12,0,1,com,0,Legitimate merchant payment link
https://billdesk.com/pay/electricity?txn_id=10030,billdesk.com,49,12,0,1,com,0,Official bill payment portal
https://paytm.com/recharge?txn_id=10030,paytm.com,39,9,0,1,com,0,Legitimate recharge destination
https://www.bescom.co.in/paybill?txn_id=10030,bescom.co.in,45,12,0,1,in,0,Official electricity board website
https://sbi.co.in/portal/pay?txn_id=10030,sbi.co.in,41,9,0,1,in,0,Official SBI banking portal
https://www.icicibank.com/online-pay?txn_id=10030,icicibank.com,49,13,0,1,com,0,Official ICICI banking page
https://amazon.in/gp/pay?txn_id=10030,amazon.in,37,9,0,1,in,0,Official Amazon merchant checkout
https://flipkart.com/checkout/pay?txn_id=10030,flipkart.com,46,12,0,1,com,0,Official Flipkart checkout
https://swiggy.com/checkout?txn_id=10030,swiggy.com,40,10,0,1,com,0,Official food delivery payment
https://zomato.com/pay?txn_id=10030,zomato.com,35,10,0,1,com,0,Official food merchant checkout
http://elect-pay-bill.top/pay?session_id=90030,elect-pay-bill.top,46,18,0,0,top,1,Fake electricity payment portal
http://razorpay-reward-claim.xyz/collect?session_id=90030,razorpay-reward-claim.xyz,57,25,0,0,xyz,1,Typosquatted Razorpay imposter link
http://bank-kyc-update.online/login?session_id=90030,bank-kyc-update.online,52,22,0,0,online,1,Fake bank KYC phishing site
http://customs-clearance-pay.com/duty?session_id=90030,customs-clearance-pay.com,54,25,0,0,com,1,Fake customs payment link
http://police-challan-pay.tech/challan?session_id=90030,police-challan-pay.tech,55,23,0,0,tech,1,Fake police fine payment portal
http://refund-support-portal.site/fee?session_id=90030,refund-support-portal.site,54,26,0,0,site,1,Fake refund processing fee portal
http://incometax-refund-gov.in.net/claim?session_id=90030,incometax-refund-gov.in.net,57,27,0,0,net,1,Fake government income tax refund link
http://easy-money-pay.top/join?session_id=90030,easy-money-pay.top,47,18,0,0,top,1,Scam job registration payment link
http://bill-pay-fast.online/electricity?session_id=90030,bill-pay-fast.online,56,20,0,0,online,1,Urgency-driven fake utility payment URL
http://192.168.1.105/razorpay/pay.html?session_id=90030,192.168.1.105,55,13,1,0,105,1,Raw IP address payment destination
https://razorpay.com/payment-link/pl_12345?txn_id=10031,razorpay.com,55,12,0,1,com,0,Legitimate merchant payment link
https://billdesk.com/pay/electricity?txn_id=10031,billdesk.com,49,12,0,1,com,0,Official bill payment portal
https://paytm.com/recharge?txn_id=10031,paytm.com,39,9,0,1,com,0,Legitimate recharge destination
https://www.bescom.co.in/paybill?txn_id=10031,bescom.co.in,45,12,0,1,in,0,Official electricity board website
https://sbi.co.in/portal/pay?txn_id=10031,sbi.co.in,41,9,0,1,in,0,Official SBI banking portal
https://www.icicibank.com/online-pay?txn_id=10031,icicibank.com,49,13,0,1,com,0,Official ICICI banking page
https://amazon.in/gp/pay?txn_id=10031,amazon.in,37,9,0,1,in,0,Official Amazon merchant checkout
https://flipkart.com/checkout/pay?txn_id=10031,flipkart.com,46,12,0,1,com,0,Official Flipkart checkout
https://swiggy.com/checkout?txn_id=10031,swiggy.com,40,10,0,1,com,0,Official food delivery payment
https://zomato.com/pay?txn_id=10031,zomato.com,35,10,0,1,com,0,Official food merchant checkout
http://elect-pay-bill.top/pay?session_id=90031,elect-pay-bill.top,46,18,0,0,top,1,Fake electricity payment portal
http://razorpay-reward-claim.xyz/collect?session_id=90031,razorpay-reward-claim.xyz,57,25,0,0,xyz,1,Typosquatted Razorpay imposter link
http://bank-kyc-update.online/login?session_id=90031,bank-kyc-update.online,52,22,0,0,online,1,Fake bank KYC phishing site
http://customs-clearance-pay.com/duty?session_id=90031,customs-clearance-pay.com,54,25,0,0,com,1,Fake customs payment link
http://police-challan-pay.tech/challan?session_id=90031,police-challan-pay.tech,55,23,0,0,tech,1,Fake police fine payment portal
http://refund-support-portal.site/fee?session_id=90031,refund-support-portal.site,54,26,0,0,site,1,Fake refund processing fee portal
http://incometax-refund-gov.in.net/claim?session_id=90031,incometax-refund-gov.in.net,57,27,0,0,net,1,Fake government income tax refund link
http://easy-money-pay.top/join?session_id=90031,easy-money-pay.top,47,18,0,0,top,1,Scam job registration payment link
http://bill-pay-fast.online/electricity?session_id=90031,bill-pay-fast.online,56,20,0,0,online,1,Urgency-driven fake utility payment URL
http://192.168.1.105/razorpay/pay.html?session_id=90031,192.168.1.105,55,13,1,0,105,1,Raw IP address payment destination
https://razorpay.com/payment-link/pl_12345?txn_id=10032,razorpay.com,55,12,0,1,com,0,Legitimate merchant payment link
https://billdesk.com/pay/electricity?txn_id=10032,billdesk.com,49,12,0,1,com,0,Official bill payment portal
https://paytm.com/recharge?txn_id=10032,paytm.com,39,9,0,1,com,0,Legitimate recharge destination
https://www.bescom.co.in/paybill?txn_id=10032,bescom.co.in,45,12,0,1,in,0,Official electricity board website
https://sbi.co.in/portal/pay?txn_id=10032,sbi.co.in,41,9,0,1,in,0,Official SBI banking portal
https://www.icicibank.com/online-pay?txn_id=10032,icicibank.com,49,13,0,1,com,0,Official ICICI banking page
https://amazon.in/gp/pay?txn_id=10032,amazon.in,37,9,0,1,in,0,Official Amazon merchant checkout
https://flipkart.com/checkout/pay?txn_id=10032,flipkart.com,46,12,0,1,com,0,Official Flipkart checkout
https://swiggy.com/checkout?txn_id=10032,swiggy.com,40,10,0,1,com,0,Official food delivery payment
https://zomato.com/pay?txn_id=10032,zomato.com,35,10,0,1,com,0,Official food merchant checkout
http://elect-pay-bill.top/pay?session_id=90032,elect-pay-bill.top,46,18,0,0,top,1,Fake electricity payment portal
http://razorpay-reward-claim.xyz/collect?session_id=90032,razorpay-reward-claim.xyz,57,25,0,0,xyz,1,Typosquatted Razorpay imposter link
http://bank-kyc-update.online/login?session_id=90032,bank-kyc-update.online,52,22,0,0,online,1,Fake bank KYC phishing site
http://customs-clearance-pay.com/duty?session_id=90032,customs-clearance-pay.com,54,25,0,0,com,1,Fake customs payment link
http://police-challan-pay.tech/challan?session_id=90032,police-challan-pay.tech,55,23,0,0,tech,1,Fake police fine payment portal
http://refund-support-portal.site/fee?session_id=90032,refund-support-portal.site,54,26,0,0,site,1,Fake refund processing fee portal
http://incometax-refund-gov.in.net/claim?session_id=90032,incometax-refund-gov.in.net,57,27,0,0,net,1,Fake government income tax refund link
http://easy-money-pay.top/join?session_id=90032,easy-money-pay.top,47,18,0,0,top,1,Scam job registration payment link
http://bill-pay-fast.online/electricity?session_id=90032,bill-pay-fast.online,56,20,0,0,online,1,Urgency-driven fake utility payment URL
http://192.168.1.105/razorpay/pay.html?session_id=90032,192.168.1.105,55,13,1,0,105,1,Raw IP address payment destination
https://razorpay.com/payment-link/pl_12345?txn_id=10033,razorpay.com,55,12,0,1,com,0,Legitimate merchant payment link
https://billdesk.com/pay/electricity?txn_id=10033,billdesk.com,49,12,0,1,com,0,Official bill payment portal
https://paytm.com/recharge?txn_id=10033,paytm.com,39,9,0,1,com,0,Legitimate recharge destination
https://www.bescom.co.in/paybill?txn_id=10033,bescom.co.in,45,12,0,1,in,0,Official electricity board website
https://sbi.co.in/portal/pay?txn_id=10033,sbi.co.in,41,9,0,1,in,0,Official SBI banking portal
https://www.icicibank.com/online-pay?txn_id=10033,icicibank.com,49,13,0,1,com,0,Official ICICI banking page
https://amazon.in/gp/pay?txn_id=10033,amazon.in,37,9,0,1,in,0,Official Amazon merchant checkout
https://flipkart.com/checkout/pay?txn_id=10033,flipkart.com,46,12,0,1,com,0,Official Flipkart checkout
https://swiggy.com/checkout?txn_id=10033,swiggy.com,40,10,0,1,com,0,Official food delivery payment
https://zomato.com/pay?txn_id=10033,zomato.com,35,10,0,1,com,0,Official food merchant checkout
http://elect-pay-bill.top/pay?session_id=90033,elect-pay-bill.top,46,18,0,0,top,1,Fake electricity payment portal
http://razorpay-reward-claim.xyz/collect?session_id=90033,razorpay-reward-claim.xyz,57,25,0,0,xyz,1,Typosquatted Razorpay imposter link
http://bank-kyc-update.online/login?session_id=90033,bank-kyc-update.online,52,22,0,0,online,1,Fake bank KYC phishing site
http://customs-clearance-pay.com/duty?session_id=90033,customs-clearance-pay.com,54,25,0,0,com,1,Fake customs payment link
http://police-challan-pay.tech/challan?session_id=90033,police-challan-pay.tech,55,23,0,0,tech,1,Fake police fine payment portal
http://refund-support-portal.site/fee?session_id=90033,refund-support-portal.site,54,26,0,0,site,1,Fake refund processing fee portal
http://incometax-refund-gov.in.net/claim?session_id=90033,incometax-refund-gov.in.net,57,27,0,0,net,1,Fake government income tax refund link
http://easy-money-pay.top/join?session_id=90033,easy-money-pay.top,47,18,0,0,top,1,Scam job registration payment link
http://bill-pay-fast.online/electricity?session_id=90033,bill-pay-fast.online,56,20,0,0,online,1,Urgency-driven fake utility payment URL
http://192.168.1.105/razorpay/pay.html?session_id=90033,192.168.1.105,55,13,1,0,105,1,Raw IP address payment destination
https://razorpay.com/payment-link/pl_12345?txn_id=10034,razorpay.com,55,12,0,1,com,0,Legitimate merchant payment link
https://billdesk.com/pay/electricity?txn_id=10034,billdesk.com,49,12,0,1,com,0,Official bill payment portal
https://paytm.com/recharge?txn_id=10034,paytm.com,39,9,0,1,com,0,Legitimate recharge destination
https://www.bescom.co.in/paybill?txn_id=10034,bescom.co.in,45,12,0,1,in,0,Official electricity board website
https://sbi.co.in/portal/pay?txn_id=10034,sbi.co.in,41,9,0,1,in,0,Official SBI banking portal
https://www.icicibank.com/online-pay?txn_id=10034,icicibank.com,49,13,0,1,com,0,Official ICICI banking page
https://amazon.in/gp/pay?txn_id=10034,amazon.in,37,9,0,1,in,0,Official Amazon merchant checkout
https://flipkart.com/checkout/pay?txn_id=10034,flipkart.com,46,12,0,1,com,0,Official Flipkart checkout
https://swiggy.com/checkout?txn_id=10034,swiggy.com,40,10,0,1,com,0,Official food delivery payment
https://zomato.com/pay?txn_id=10034,zomato.com,35,10,0,1,com,0,Official food merchant checkout
http://elect-pay-bill.top/pay?session_id=90034,elect-pay-bill.top,46,18,0,0,top,1,Fake electricity payment portal
http://razorpay-reward-claim.xyz/collect?session_id=90034,razorpay-reward-claim.xyz,57,25,0,0,xyz,1,Typosquatted Razorpay imposter link
http://bank-kyc-update.online/login?session_id=90034,bank-kyc-update.online,52,22,0,0,online,1,Fake bank KYC phishing site
http://customs-clearance-pay.com/duty?session_id=90034,customs-clearance-pay.com,54,25,0,0,com,1,Fake customs payment link
http://police-challan-pay.tech/challan?session_id=90034,police-challan-pay.tech,55,23,0,0,tech,1,Fake police fine payment portal
http://refund-support-portal.site/fee?session_id=90034,refund-support-portal.site,54,26,0,0,site,1,Fake refund processing fee portal
http://incometax-refund-gov.in.net/claim?session_id=90034,incometax-refund-gov.in.net,57,27,0,0,net,1,Fake government income tax refund link
http://easy-money-pay.top/join?session_id=90034,easy-money-pay.top,47,18,0,0,top,1,Scam job registration payment link
http://bill-pay-fast.online/electricity?session_id=90034,bill-pay-fast.online,56,20,0,0,online,1,Urgency-driven fake utility payment URL
http://192.168.1.105/razorpay/pay.html?session_id=90034,192.168.1.105,55,13,1,0,105,1,Raw IP address payment destination
https://razorpay.com/payment-link/pl_12345?txn_id=10035,razorpay.com,55,12,0,1,com,0,Legitimate merchant payment link
https://billdesk.com/pay/electricity?txn_id=10035,billdesk.com,49,12,0,1,com,0,Official bill payment portal
https://paytm.com/recharge?txn_id=10035,paytm.com,39,9,0,1,com,0,Legitimate recharge destination
https://www.bescom.co.in/paybill?txn_id=10035,bescom.co.in,45,12,0,1,in,0,Official electricity board website
https://sbi.co.in/portal/pay?txn_id=10035,sbi.co.in,41,9,0,1,in,0,Official SBI banking portal
https://www.icicibank.com/online-pay?txn_id=10035,icicibank.com,49,13,0,1,com,0,Official ICICI banking page
https://amazon.in/gp/pay?txn_id=10035,amazon.in,37,9,0,1,in,0,Official Amazon merchant checkout
https://flipkart.com/checkout/pay?txn_id=10035,flipkart.com,46,12,0,1,com,0,Official Flipkart checkout
https://swiggy.com/checkout?txn_id=10035,swiggy.com,40,10,0,1,com,0,Official food delivery payment
https://zomato.com/pay?txn_id=10035,zomato.com,35,10,0,1,com,0,Official food merchant checkout
http://elect-pay-bill.top/pay?session_id=90035,elect-pay-bill.top,46,18,0,0,top,1,Fake electricity payment portal
http://razorpay-reward-claim.xyz/collect?session_id=90035,razorpay-reward-claim.xyz,57,25,0,0,xyz,1,Typosquatted Razorpay imposter link
http://bank-kyc-update.online/login?session_id=90035,bank-kyc-update.online,52,22,0,0,online,1,Fake bank KYC phishing site
http://customs-clearance-pay.com/duty?session_id=90035,customs-clearance-pay.com,54,25,0,0,com,1,Fake customs payment link
http://police-challan-pay.tech/challan?session_id=90035,police-challan-pay.tech,55,23,0,0,tech,1,Fake police fine payment portal
http://refund-support-portal.site/fee?session_id=90035,refund-support-portal.site,54,26,0,0,site,1,Fake refund processing fee portal
http://incometax-refund-gov.in.net/claim?session_id=90035,incometax-refund-gov.in.net,57,27,0,0,net,1,Fake government income tax refund link
http://easy-money-pay.top/join?session_id=90035,easy-money-pay.top,47,18,0,0,top,1,Scam job registration payment link
http://bill-pay-fast.online/electricity?session_id=90035,bill-pay-fast.online,56,20,0,0,online,1,Urgency-driven fake utility payment URL
http://192.168.1.105/razorpay/pay.html?session_id=90035,192.168.1.105,55,13,1,0,105,1,Raw IP address payment destination
https://razorpay.com/payment-link/pl_12345?txn_id=10036,razorpay.com,55,12,0,1,com,0,Legitimate merchant payment link
https://billdesk.com/pay/electricity?txn_id=10036,billdesk.com,49,12,0,1,com,0,Official bill payment portal
https://paytm.com/recharge?txn_id=10036,paytm.com,39,9,0,1,com,0,Legitimate recharge destination
https://www.bescom.co.in/paybill?txn_id=10036,bescom.co.in,45,12,0,1,in,0,Official electricity board website
https://sbi.co.in/portal/pay?txn_id=10036,sbi.co.in,41,9,0,1,in,0,Official SBI banking portal
https://www.icicibank.com/online-pay?txn_id=10036,icicibank.com,49,13,0,1,com,0,Official ICICI banking page
https://amazon.in/gp/pay?txn_id=10036,amazon.in,37,9,0,1,in,0,Official Amazon merchant checkout
https://flipkart.com/checkout/pay?txn_id=10036,flipkart.com,46,12,0,1,com,0,Official Flipkart checkout
https://swiggy.com/checkout?txn_id=10036,swiggy.com,40,10,0,1,com,0,Official food delivery payment
https://zomato.com/pay?txn_id=10036,zomato.com,35,10,0,1,com,0,Official food merchant checkout
http://elect-pay-bill.top/pay?session_id=90036,elect-pay-bill.top,46,18,0,0,top,1,Fake electricity payment portal
http://razorpay-reward-claim.xyz/collect?session_id=90036,razorpay-reward-claim.xyz,57,25,0,0,xyz,1,Typosquatted Razorpay imposter link
http://bank-kyc-update.online/login?session_id=90036,bank-kyc-update.online,52,22,0,0,online,1,Fake bank KYC phishing site
http://customs-clearance-pay.com/duty?session_id=90036,customs-clearance-pay.com,54,25,0,0,com,1,Fake customs payment link
http://police-challan-pay.tech/challan?session_id=90036,police-challan-pay.tech,55,23,0,0,tech,1,Fake police fine payment portal
http://refund-support-portal.site/fee?session_id=90036,refund-support-portal.site,54,26,0,0,site,1,Fake refund processing fee portal
http://incometax-refund-gov.in.net/claim?session_id=90036,incometax-refund-gov.in.net,57,27,0,0,net,1,Fake government income tax refund link
http://easy-money-pay.top/join?session_id=90036,easy-money-pay.top,47,18,0,0,top,1,Scam job registration payment link
http://bill-pay-fast.online/electricity?session_id=90036,bill-pay-fast.online,56,20,0,0,online,1,Urgency-driven fake utility payment URL
http://192.168.1.105/razorpay/pay.html?session_id=90036,192.168.1.105,55,13,1,0,105,1,Raw IP address payment destination
https://razorpay.com/payment-link/pl_12345?txn_id=10037,razorpay.com,55,12,0,1,com,0,Legitimate merchant payment link
https://billdesk.com/pay/electricity?txn_id=10037,billdesk.com,49,12,0,1,com,0,Official bill payment portal
https://paytm.com/recharge?txn_id=10037,paytm.com,39,9,0,1,com,0,Legitimate recharge destination
https://www.bescom.co.in/paybill?txn_id=10037,bescom.co.in,45,12,0,1,in,0,Official electricity board website
https://sbi.co.in/portal/pay?txn_id=10037,sbi.co.in,41,9,0,1,in,0,Official SBI banking portal
https://www.icicibank.com/online-pay?txn_id=10037,icicibank.com,49,13,0,1,com,0,Official ICICI banking page
https://amazon.in/gp/pay?txn_id=10037,amazon.in,37,9,0,1,in,0,Official Amazon merchant checkout
https://flipkart.com/checkout/pay?txn_id=10037,flipkart.com,46,12,0,1,com,0,Official Flipkart checkout
https://swiggy.com/checkout?txn_id=10037,swiggy.com,40,10,0,1,com,0,Official food delivery payment
https://zomato.com/pay?txn_id=10037,zomato.com,35,10,0,1,com,0,Official food merchant checkout
http://elect-pay-bill.top/pay?session_id=90037,elect-pay-bill.top,46,18,0,0,top,1,Fake electricity payment portal
http://razorpay-reward-claim.xyz/collect?session_id=90037,razorpay-reward-claim.xyz,57,25,0,0,xyz,1,Typosquatted Razorpay imposter link
http://bank-kyc-update.online/login?session_id=90037,bank-kyc-update.online,52,22,0,0,online,1,Fake bank KYC phishing site
http://customs-clearance-pay.com/duty?session_id=90037,customs-clearance-pay.com,54,25,0,0,com,1,Fake customs payment link
http://police-challan-pay.tech/challan?session_id=90037,police-challan-pay.tech,55,23,0,0,tech,1,Fake police fine payment portal
http://refund-support-portal.site/fee?session_id=90037,refund-support-portal.site,54,26,0,0,site,1,Fake refund processing fee portal
http://incometax-refund-gov.in.net/claim?session_id=90037,incometax-refund-gov.in.net,57,27,0,0,net,1,Fake government income tax refund link
http://easy-money-pay.top/join?session_id=90037,easy-money-pay.top,47,18,0,0,top,1,Scam job registration payment link
http://bill-pay-fast.online/electricity?session_id=90037,bill-pay-fast.online,56,20,0,0,online,1,Urgency-driven fake utility payment URL
http://192.168.1.105/razorpay/pay.html?session_id=90037,192.168.1.105,55,13,1,0,105,1,Raw IP address payment destination
https://razorpay.com/payment-link/pl_12345?txn_id=10038,razorpay.com,55,12,0,1,com,0,Legitimate merchant payment link
https://billdesk.com/pay/electricity?txn_id=10038,billdesk.com,49,12,0,1,com,0,Official bill payment portal
https://paytm.com/recharge?txn_id=10038,paytm.com,39,9,0,1,com,0,Legitimate recharge destination
https://www.bescom.co.in/paybill?txn_id=10038,bescom.co.in,45,12,0,1,in,0,Official electricity board website
https://sbi.co.in/portal/pay?txn_id=10038,sbi.co.in,41,9,0,1,in,0,Official SBI banking portal
https://www.icicibank.com/online-pay?txn_id=10038,icicibank.com,49,13,0,1,com,0,Official ICICI banking page
https://amazon.in/gp/pay?txn_id=10038,amazon.in,37,9,0,1,in,0,Official Amazon merchant checkout
https://flipkart.com/checkout/pay?txn_id=10038,flipkart.com,46,12,0,1,com,0,Official Flipkart checkout
https://swiggy.com/checkout?txn_id=10038,swiggy.com,40,10,0,1,com,0,Official food delivery payment
https://zomato.com/pay?txn_id=10038,zomato.com,35,10,0,1,com,0,Official food merchant checkout
http://elect-pay-bill.top/pay?session_id=90038,elect-pay-bill.top,46,18,0,0,top,1,Fake electricity payment portal
http://razorpay-reward-claim.xyz/collect?session_id=90038,razorpay-reward-claim.xyz,57,25,0,0,xyz,1,Typosquatted Razorpay imposter link
http://bank-kyc-update.online/login?session_id=90038,bank-kyc-update.online,52,22,0,0,online,1,Fake bank KYC phishing site
http://customs-clearance-pay.com/duty?session_id=90038,customs-clearance-pay.com,54,25,0,0,com,1,Fake customs payment link
http://police-challan-pay.tech/challan?session_id=90038,police-challan-pay.tech,55,23,0,0,tech,1,Fake police fine payment portal
http://refund-support-portal.site/fee?session_id=90038,refund-support-portal.site,54,26,0,0,site,1,Fake refund processing fee portal
http://incometax-refund-gov.in.net/claim?session_id=90038,incometax-refund-gov.in.net,57,27,0,0,net,1,Fake government income tax refund link
http://easy-money-pay.top/join?session_id=90038,easy-money-pay.top,47,18,0,0,top,1,Scam job registration payment link
http://bill-pay-fast.online/electricity?session_id=90038,bill-pay-fast.online,56,20,0,0,online,1,Urgency-driven fake utility payment URL
http://192.168.1.105/razorpay/pay.html?session_id=90038,192.168.1.105,55,13,1,0,105,1,Raw IP address payment destination
https://razorpay.com/payment-link/pl_12345?txn_id=10039,razorpay.com,55,12,0,1,com,0,Legitimate merchant payment link
https://billdesk.com/pay/electricity?txn_id=10039,billdesk.com,49,12,0,1,com,0,Official bill payment portal
https://paytm.com/recharge?txn_id=10039,paytm.com,39,9,0,1,com,0,Legitimate recharge destination
https://www.bescom.co.in/paybill?txn_id=10039,bescom.co.in,45,12,0,1,in,0,Official electricity board website
https://sbi.co.in/portal/pay?txn_id=10039,sbi.co.in,41,9,0,1,in,0,Official SBI banking portal
https://www.icicibank.com/online-pay?txn_id=10039,icicibank.com,49,13,0,1,com,0,Official ICICI banking page
https://amazon.in/gp/pay?txn_id=10039,amazon.in,37,9,0,1,in,0,Official Amazon merchant checkout
https://flipkart.com/checkout/pay?txn_id=10039,flipkart.com,46,12,0,1,com,0,Official Flipkart checkout
https://swiggy.com/checkout?txn_id=10039,swiggy.com,40,10,0,1,com,0,Official food delivery payment
https://zomato.com/pay?txn_id=10039,zomato.com,35,10,0,1,com,0,Official food merchant checkout
http://elect-pay-bill.top/pay?session_id=90039,elect-pay-bill.top,46,18,0,0,top,1,Fake electricity payment portal
http://razorpay-reward-claim.xyz/collect?session_id=90039,razorpay-reward-claim.xyz,57,25,0,0,xyz,1,Typosquatted Razorpay imposter link
http://bank-kyc-update.online/login?session_id=90039,bank-kyc-update.online,52,22,0,0,online,1,Fake bank KYC phishing site
http://customs-clearance-pay.com/duty?session_id=90039,customs-clearance-pay.com,54,25,0,0,com,1,Fake customs payment link
http://police-challan-pay.tech/challan?session_id=90039,police-challan-pay.tech,55,23,0,0,tech,1,Fake police fine payment portal
http://refund-support-portal.site/fee?session_id=90039,refund-support-portal.site,54,26,0,0,site,1,Fake refund processing fee portal
http://incometax-refund-gov.in.net/claim?session_id=90039,incometax-refund-gov.in.net,57,27,0,0,net,1,Fake government income tax refund link
http://easy-money-pay.top/join?session_id=90039,easy-money-pay.top,47,18,0,0,top,1,Scam job registration payment link
http://bill-pay-fast.online/electricity?session_id=90039,bill-pay-fast.online,56,20,0,0,online,1,Urgency-driven fake utility payment URL
http://192.168.1.105/razorpay/pay.html?session_id=90039,192.168.1.105,55,13,1,0,105,1,Raw IP address payment destination
https://razorpay.com/payment-link/pl_12345?txn_id=10040,razorpay.com,55,12,0,1,com,0,Legitimate merchant payment link
https://billdesk.com/pay/electricity?txn_id=10040,billdesk.com,49,12,0,1,com,0,Official bill payment portal
https://paytm.com/recharge?txn_id=10040,paytm.com,39,9,0,1,com,0,Legitimate recharge destination
https://www.bescom.co.in/paybill?txn_id=10040,bescom.co.in,45,12,0,1,in,0,Official electricity board website
https://sbi.co.in/portal/pay?txn_id=10040,sbi.co.in,41,9,0,1,in,0,Official SBI banking portal
https://www.icicibank.com/online-pay?txn_id=10040,icicibank.com,49,13,0,1,com,0,Official ICICI banking page
https://amazon.in/gp/pay?txn_id=10040,amazon.in,37,9,0,1,in,0,Official Amazon merchant checkout
https://flipkart.com/checkout/pay?txn_id=10040,flipkart.com,46,12,0,1,com,0,Official Flipkart checkout
https://swiggy.com/checkout?txn_id=10040,swiggy.com,40,10,0,1,com,0,Official food delivery payment
https://zomato.com/pay?txn_id=10040,zomato.com,35,10,0,1,com,0,Official food merchant checkout
http://elect-pay-bill.top/pay?session_id=90040,elect-pay-bill.top,46,18,0,0,top,1,Fake electricity payment portal
http://razorpay-reward-claim.xyz/collect?session_id=90040,razorpay-reward-claim.xyz,57,25,0,0,xyz,1,Typosquatted Razorpay imposter link
http://bank-kyc-update.online/login?session_id=90040,bank-kyc-update.online,52,22,0,0,online,1,Fake bank KYC phishing site
http://customs-clearance-pay.com/duty?session_id=90040,customs-clearance-pay.com,54,25,0,0,com,1,Fake customs payment link
http://police-challan-pay.tech/challan?session_id=90040,police-challan-pay.tech,55,23,0,0,tech,1,Fake police fine payment portal
http://refund-support-portal.site/fee?session_id=90040,refund-support-portal.site,54,26,0,0,site,1,Fake refund processing fee portal
http://incometax-refund-gov.in.net/claim?session_id=90040,incometax-refund-gov.in.net,57,27,0,0,net,1,Fake government income tax refund link
http://easy-money-pay.top/join?session_id=90040,easy-money-pay.top,47,18,0,0,top,1,Scam job registration payment link
http://bill-pay-fast.online/electricity?session_id=90040,bill-pay-fast.online,56,20,0,0,online,1,Urgency-driven fake utility payment URL
http://192.168.1.105/razorpay/pay.html?session_id=90040,192.168.1.105,55,13,1,0,105,1,Raw IP address payment destination
https://razorpay.com/payment-link/pl_12345?txn_id=10041,razorpay.com,55,12,0,1,com,0,Legitimate merchant payment link
https://billdesk.com/pay/electricity?txn_id=10041,billdesk.com,49,12,0,1,com,0,Official bill payment portal
https://paytm.com/recharge?txn_id=10041,paytm.com,39,9,0,1,com,0,Legitimate recharge destination
https://www.bescom.co.in/paybill?txn_id=10041,bescom.co.in,45,12,0,1,in,0,Official electricity board website
https://sbi.co.in/portal/pay?txn_id=10041,sbi.co.in,41,9,0,1,in,0,Official SBI banking portal
https://www.icicibank.com/online-pay?txn_id=10041,icicibank.com,49,13,0,1,com,0,Official ICICI banking page
https://amazon.in/gp/pay?txn_id=10041,amazon.in,37,9,0,1,in,0,Official Amazon merchant checkout
https://flipkart.com/checkout/pay?txn_id=10041,flipkart.com,46,12,0,1,com,0,Official Flipkart checkout
https://swiggy.com/checkout?txn_id=10041,swiggy.com,40,10,0,1,com,0,Official food delivery payment
https://zomato.com/pay?txn_id=10041,zomato.com,35,10,0,1,com,0,Official food merchant checkout
http://elect-pay-bill.top/pay?session_id=90041,elect-pay-bill.top,46,18,0,0,top,1,Fake electricity payment portal
http://razorpay-reward-claim.xyz/collect?session_id=90041,razorpay-reward-claim.xyz,57,25,0,0,xyz,1,Typosquatted Razorpay imposter link
http://bank-kyc-update.online/login?session_id=90041,bank-kyc-update.online,52,22,0,0,online,1,Fake bank KYC phishing site
http://customs-clearance-pay.com/duty?session_id=90041,customs-clearance-pay.com,54,25,0,0,com,1,Fake customs payment link
http://police-challan-pay.tech/challan?session_id=90041,police-challan-pay.tech,55,23,0,0,tech,1,Fake police fine payment portal
http://refund-support-portal.site/fee?session_id=90041,refund-support-portal.site,54,26,0,0,site,1,Fake refund processing fee portal
http://incometax-refund-gov.in.net/claim?session_id=90041,incometax-refund-gov.in.net,57,27,0,0,net,1,Fake government income tax refund link
http://easy-money-pay.top/join?session_id=90041,easy-money-pay.top,47,18,0,0,top,1,Scam job registration payment link
http://bill-pay-fast.online/electricity?session_id=90041,bill-pay-fast.online,56,20,0,0,online,1,Urgency-driven fake utility payment URL
http://192.168.1.105/razorpay/pay.html?session_id=90041,192.168.1.105,55,13,1,0,105,1,Raw IP address payment destination
https://razorpay.com/payment-link/pl_12345?txn_id=10042,razorpay.com,55,12,0,1,com,0,Legitimate merchant payment link
https://billdesk.com/pay/electricity?txn_id=10042,billdesk.com,49,12,0,1,com,0,Official bill payment portal
https://paytm.com/recharge?txn_id=10042,paytm.com,39,9,0,1,com,0,Legitimate recharge destination
https://www.bescom.co.in/paybill?txn_id=10042,bescom.co.in,45,12,0,1,in,0,Official electricity board website
https://sbi.co.in/portal/pay?txn_id=10042,sbi.co.in,41,9,0,1,in,0,Official SBI banking portal
https://www.icicibank.com/online-pay?txn_id=10042,icicibank.com,49,13,0,1,com,0,Official ICICI banking page
https://amazon.in/gp/pay?txn_id=10042,amazon.in,37,9,0,1,in,0,Official Amazon merchant checkout
https://flipkart.com/checkout/pay?txn_id=10042,flipkart.com,46,12,0,1,com,0,Official Flipkart checkout
https://swiggy.com/checkout?txn_id=10042,swiggy.com,40,10,0,1,com,0,Official food delivery payment
https://zomato.com/pay?txn_id=10042,zomato.com,35,10,0,1,com,0,Official food merchant checkout
http://elect-pay-bill.top/pay?session_id=90042,elect-pay-bill.top,46,18,0,0,top,1,Fake electricity payment portal
http://razorpay-reward-claim.xyz/collect?session_id=90042,razorpay-reward-claim.xyz,57,25,0,0,xyz,1,Typosquatted Razorpay imposter link
http://bank-kyc-update.online/login?session_id=90042,bank-kyc-update.online,52,22,0,0,online,1,Fake bank KYC phishing site
http://customs-clearance-pay.com/duty?session_id=90042,customs-clearance-pay.com,54,25,0,0,com,1,Fake customs payment link
http://police-challan-pay.tech/challan?session_id=90042,police-challan-pay.tech,55,23,0,0,tech,1,Fake police fine payment portal
http://refund-support-portal.site/fee?session_id=90042,refund-support-portal.site,54,26,0,0,site,1,Fake refund processing fee portal
http://incometax-refund-gov.in.net/claim?session_id=90042,incometax-refund-gov.in.net,57,27,0,0,net,1,Fake government income tax refund link
http://easy-money-pay.top/join?session_id=90042,easy-money-pay.top,47,18,0,0,top,1,Scam job registration payment link
http://bill-pay-fast.online/electricity?session_id=90042,bill-pay-fast.online,56,20,0,0,online,1,Urgency-driven fake utility payment URL
http://192.168.1.105/razorpay/pay.html?session_id=90042,192.168.1.105,55,13,1,0,105,1,Raw IP address payment destination
https://razorpay.com/payment-link/pl_12345?txn_id=10043,razorpay.com,55,12,0,1,com,0,Legitimate merchant payment link
https://billdesk.com/pay/electricity?txn_id=10043,billdesk.com,49,12,0,1,com,0,Official bill payment portal
https://paytm.com/recharge?txn_id=10043,paytm.com,39,9,0,1,com,0,Legitimate recharge destination
https://www.bescom.co.in/paybill?txn_id=10043,bescom.co.in,45,12,0,1,in,0,Official electricity board website
https://sbi.co.in/portal/pay?txn_id=10043,sbi.co.in,41,9,0,1,in,0,Official SBI banking portal
https://www.icicibank.com/online-pay?txn_id=10043,icicibank.com,49,13,0,1,com,0,Official ICICI banking page
https://amazon.in/gp/pay?txn_id=10043,amazon.in,37,9,0,1,in,0,Official Amazon merchant checkout
https://flipkart.com/checkout/pay?txn_id=10043,flipkart.com,46,12,0,1,com,0,Official Flipkart checkout
https://swiggy.com/checkout?txn_id=10043,swiggy.com,40,10,0,1,com,0,Official food delivery payment
https://zomato.com/pay?txn_id=10043,zomato.com,35,10,0,1,com,0,Official food merchant checkout
http://elect-pay-bill.top/pay?session_id=90043,elect-pay-bill.top,46,18,0,0,top,1,Fake electricity payment portal
http://razorpay-reward-claim.xyz/collect?session_id=90043,razorpay-reward-claim.xyz,57,25,0,0,xyz,1,Typosquatted Razorpay imposter link
http://bank-kyc-update.online/login?session_id=90043,bank-kyc-update.online,52,22,0,0,online,1,Fake bank KYC phishing site
http://customs-clearance-pay.com/duty?session_id=90043,customs-clearance-pay.com,54,25,0,0,com,1,Fake customs payment link
http://police-challan-pay.tech/challan?session_id=90043,police-challan-pay.tech,55,23,0,0,tech,1,Fake police fine payment portal
http://refund-support-portal.site/fee?session_id=90043,refund-support-portal.site,54,26,0,0,site,1,Fake refund processing fee portal
http://incometax-refund-gov.in.net/claim?session_id=90043,incometax-refund-gov.in.net,57,27,0,0,net,1,Fake government income tax refund link
http://easy-money-pay.top/join?session_id=90043,easy-money-pay.top,47,18,0,0,top,1,Scam job registration payment link
http://bill-pay-fast.online/electricity?session_id=90043,bill-pay-fast.online,56,20,0,0,online,1,Urgency-driven fake utility payment URL
http://192.168.1.105/razorpay/pay.html?session_id=90043,192.168.1.105,55,13,1,0,105,1,Raw IP address payment destination
https://razorpay.com/payment-link/pl_12345?txn_id=10044,razorpay.com,55,12,0,1,com,0,Legitimate merchant payment link
https://billdesk.com/pay/electricity?txn_id=10044,billdesk.com,49,12,0,1,com,0,Official bill payment portal
https://paytm.com/recharge?txn_id=10044,paytm.com,39,9,0,1,com,0,Legitimate recharge destination
https://www.bescom.co.in/paybill?txn_id=10044,bescom.co.in,45,12,0,1,in,0,Official electricity board website
https://sbi.co.in/portal/pay?txn_id=10044,sbi.co.in,41,9,0,1,in,0,Official SBI banking portal
https://www.icicibank.com/online-pay?txn_id=10044,icicibank.com,49,13,0,1,com,0,Official ICICI banking page
https://amazon.in/gp/pay?txn_id=10044,amazon.in,37,9,0,1,in,0,Official Amazon merchant checkout
https://flipkart.com/checkout/pay?txn_id=10044,flipkart.com,46,12,0,1,com,0,Official Flipkart checkout
https://swiggy.com/checkout?txn_id=10044,swiggy.com,40,10,0,1,com,0,Official food delivery payment
https://zomato.com/pay?txn_id=10044,zomato.com,35,10,0,1,com,0,Official food merchant checkout
http://elect-pay-bill.top/pay?session_id=90044,elect-pay-bill.top,46,18,0,0,top,1,Fake electricity payment portal
http://razorpay-reward-claim.xyz/collect?session_id=90044,razorpay-reward-claim.xyz,57,25,0,0,xyz,1,Typosquatted Razorpay imposter link
http://bank-kyc-update.online/login?session_id=90044,bank-kyc-update.online,52,22,0,0,online,1,Fake bank KYC phishing site
http://customs-clearance-pay.com/duty?session_id=90044,customs-clearance-pay.com,54,25,0,0,com,1,Fake customs payment link
http://police-challan-pay.tech/challan?session_id=90044,police-challan-pay.tech,55,23,0,0,tech,1,Fake police fine payment portal
http://refund-support-portal.site/fee?session_id=90044,refund-support-portal.site,54,26,0,0,site,1,Fake refund processing fee portal
http://incometax-refund-gov.in.net/claim?session_id=90044,incometax-refund-gov.in.net,57,27,0,0,net,1,Fake government income tax refund link
http://easy-money-pay.top/join?session_id=90044,easy-money-pay.top,47,18,0,0,top,1,Scam job registration payment link
http://bill-pay-fast.online/electricity?session_id=90044,bill-pay-fast.online,56,20,0,0,online,1,Urgency-driven fake utility payment URL
http://192.168.1.105/razorpay/pay.html?session_id=90044,192.168.1.105,55,13,1,0,105,1,Raw IP address payment destination
https://razorpay.com/payment-link/pl_12345?txn_id=10045,razorpay.com,55,12,0,1,com,0,Legitimate merchant payment link
https://billdesk.com/pay/electricity?txn_id=10045,billdesk.com,49,12,0,1,com,0,Official bill payment portal
https://paytm.com/recharge?txn_id=10045,paytm.com,39,9,0,1,com,0,Legitimate recharge destination
https://www.bescom.co.in/paybill?txn_id=10045,bescom.co.in,45,12,0,1,in,0,Official electricity board website
https://sbi.co.in/portal/pay?txn_id=10045,sbi.co.in,41,9,0,1,in,0,Official SBI banking portal
https://www.icicibank.com/online-pay?txn_id=10045,icicibank.com,49,13,0,1,com,0,Official ICICI banking page
https://amazon.in/gp/pay?txn_id=10045,amazon.in,37,9,0,1,in,0,Official Amazon merchant checkout
https://flipkart.com/checkout/pay?txn_id=10045,flipkart.com,46,12,0,1,com,0,Official Flipkart checkout
https://swiggy.com/checkout?txn_id=10045,swiggy.com,40,10,0,1,com,0,Official food delivery payment
https://zomato.com/pay?txn_id=10045,zomato.com,35,10,0,1,com,0,Official food merchant checkout
http://elect-pay-bill.top/pay?session_id=90045,elect-pay-bill.top,46,18,0,0,top,1,Fake electricity payment portal
http://razorpay-reward-claim.xyz/collect?session_id=90045,razorpay-reward-claim.xyz,57,25,0,0,xyz,1,Typosquatted Razorpay imposter link
http://bank-kyc-update.online/login?session_id=90045,bank-kyc-update.online,52,22,0,0,online,1,Fake bank KYC phishing site
http://customs-clearance-pay.com/duty?session_id=90045,customs-clearance-pay.com,54,25,0,0,com,1,Fake customs payment link
http://police-challan-pay.tech/challan?session_id=90045,police-challan-pay.tech,55,23,0,0,tech,1,Fake police fine payment portal
http://refund-support-portal.site/fee?session_id=90045,refund-support-portal.site,54,26,0,0,site,1,Fake refund processing fee portal
http://incometax-refund-gov.in.net/claim?session_id=90045,incometax-refund-gov.in.net,57,27,0,0,net,1,Fake government income tax refund link
http://easy-money-pay.top/join?session_id=90045,easy-money-pay.top,47,18,0,0,top,1,Scam job registration payment link
http://bill-pay-fast.online/electricity?session_id=90045,bill-pay-fast.online,56,20,0,0,online,1,Urgency-driven fake utility payment URL
http://192.168.1.105/razorpay/pay.html?session_id=90045,192.168.1.105,55,13,1,0,105,1,Raw IP address payment destination
https://razorpay.com/payment-link/pl_12345?txn_id=10046,razorpay.com,55,12,0,1,com,0,Legitimate merchant payment link
https://billdesk.com/pay/electricity?txn_id=10046,billdesk.com,49,12,0,1,com,0,Official bill payment portal
https://paytm.com/recharge?txn_id=10046,paytm.com,39,9,0,1,com,0,Legitimate recharge destination
https://www.bescom.co.in/paybill?txn_id=10046,bescom.co.in,45,12,0,1,in,0,Official electricity board website
https://sbi.co.in/portal/pay?txn_id=10046,sbi.co.in,41,9,0,1,in,0,Official SBI banking portal
https://www.icicibank.com/online-pay?txn_id=10046,icicibank.com,49,13,0,1,com,0,Official ICICI banking page
https://amazon.in/gp/pay?txn_id=10046,amazon.in,37,9,0,1,in,0,Official Amazon merchant checkout
https://flipkart.com/checkout/pay?txn_id=10046,flipkart.com,46,12,0,1,com,0,Official Flipkart checkout
https://swiggy.com/checkout?txn_id=10046,swiggy.com,40,10,0,1,com,0,Official food delivery payment
https://zomato.com/pay?txn_id=10046,zomato.com,35,10,0,1,com,0,Official food merchant checkout
http://elect-pay-bill.top/pay?session_id=90046,elect-pay-bill.top,46,18,0,0,top,1,Fake electricity payment portal
http://razorpay-reward-claim.xyz/collect?session_id=90046,razorpay-reward-claim.xyz,57,25,0,0,xyz,1,Typosquatted Razorpay imposter link
http://bank-kyc-update.online/login?session_id=90046,bank-kyc-update.online,52,22,0,0,online,1,Fake bank KYC phishing site
http://customs-clearance-pay.com/duty?session_id=90046,customs-clearance-pay.com,54,25,0,0,com,1,Fake customs payment link
http://police-challan-pay.tech/challan?session_id=90046,police-challan-pay.tech,55,23,0,0,tech,1,Fake police fine payment portal
http://refund-support-portal.site/fee?session_id=90046,refund-support-portal.site,54,26,0,0,site,1,Fake refund processing fee portal
http://incometax-refund-gov.in.net/claim?session_id=90046,incometax-refund-gov.in.net,57,27,0,0,net,1,Fake government income tax refund link
http://easy-money-pay.top/join?session_id=90046,easy-money-pay.top,47,18,0,0,top,1,Scam job registration payment link
http://bill-pay-fast.online/electricity?session_id=90046,bill-pay-fast.online,56,20,0,0,online,1,Urgency-driven fake utility payment URL
http://192.168.1.105/razorpay/pay.html?session_id=90046,192.168.1.105,55,13,1,0,105,1,Raw IP address payment destination
https://razorpay.com/payment-link/pl_12345?txn_id=10047,razorpay.com,55,12,0,1,com,0,Legitimate merchant payment link
https://billdesk.com/pay/electricity?txn_id=10047,billdesk.com,49,12,0,1,com,0,Official bill payment portal
https://paytm.com/recharge?txn_id=10047,paytm.com,39,9,0,1,com,0,Legitimate recharge destination
https://www.bescom.co.in/paybill?txn_id=10047,bescom.co.in,45,12,0,1,in,0,Official electricity board website
https://sbi.co.in/portal/pay?txn_id=10047,sbi.co.in,41,9,0,1,in,0,Official SBI banking portal
https://www.icicibank.com/online-pay?txn_id=10047,icicibank.com,49,13,0,1,com,0,Official ICICI banking page
https://amazon.in/gp/pay?txn_id=10047,amazon.in,37,9,0,1,in,0,Official Amazon merchant checkout
https://flipkart.com/checkout/pay?txn_id=10047,flipkart.com,46,12,0,1,com,0,Official Flipkart checkout
https://swiggy.com/checkout?txn_id=10047,swiggy.com,40,10,0,1,com,0,Official food delivery payment
https://zomato.com/pay?txn_id=10047,zomato.com,35,10,0,1,com,0,Official food merchant checkout
http://elect-pay-bill.top/pay?session_id=90047,elect-pay-bill.top,46,18,0,0,top,1,Fake electricity payment portal
http://razorpay-reward-claim.xyz/collect?session_id=90047,razorpay-reward-claim.xyz,57,25,0,0,xyz,1,Typosquatted Razorpay imposter link
http://bank-kyc-update.online/login?session_id=90047,bank-kyc-update.online,52,22,0,0,online,1,Fake bank KYC phishing site
http://customs-clearance-pay.com/duty?session_id=90047,customs-clearance-pay.com,54,25,0,0,com,1,Fake customs payment link
http://police-challan-pay.tech/challan?session_id=90047,police-challan-pay.tech,55,23,0,0,tech,1,Fake police fine payment portal
http://refund-support-portal.site/fee?session_id=90047,refund-support-portal.site,54,26,0,0,site,1,Fake refund processing fee portal
http://incometax-refund-gov.in.net/claim?session_id=90047,incometax-refund-gov.in.net,57,27,0,0,net,1,Fake government income tax refund link
http://easy-money-pay.top/join?session_id=90047,easy-money-pay.top,47,18,0,0,top,1,Scam job registration payment link
http://bill-pay-fast.online/electricity?session_id=90047,bill-pay-fast.online,56,20,0,0,online,1,Urgency-driven fake utility payment URL
http://192.168.1.105/razorpay/pay.html?session_id=90047,192.168.1.105,55,13,1,0,105,1,Raw IP address payment destination
https://razorpay.com/payment-link/pl_12345?txn_id=10048,razorpay.com,55,12,0,1,com,0,Legitimate merchant payment link
https://billdesk.com/pay/electricity?txn_id=10048,billdesk.com,49,12,0,1,com,0,Official bill payment portal
https://paytm.com/recharge?txn_id=10048,paytm.com,39,9,0,1,com,0,Legitimate recharge destination
https://www.bescom.co.in/paybill?txn_id=10048,bescom.co.in,45,12,0,1,in,0,Official electricity board website
https://sbi.co.in/portal/pay?txn_id=10048,sbi.co.in,41,9,0,1,in,0,Official SBI banking portal
https://www.icicibank.com/online-pay?txn_id=10048,icicibank.com,49,13,0,1,com,0,Official ICICI banking page
https://amazon.in/gp/pay?txn_id=10048,amazon.in,37,9,0,1,in,0,Official Amazon merchant checkout
https://flipkart.com/checkout/pay?txn_id=10048,flipkart.com,46,12,0,1,com,0,Official Flipkart checkout
https://swiggy.com/checkout?txn_id=10048,swiggy.com,40,10,0,1,com,0,Official food delivery payment
https://zomato.com/pay?txn_id=10048,zomato.com,35,10,0,1,com,0,Official food merchant checkout
http://elect-pay-bill.top/pay?session_id=90048,elect-pay-bill.top,46,18,0,0,top,1,Fake electricity payment portal
http://razorpay-reward-claim.xyz/collect?session_id=90048,razorpay-reward-claim.xyz,57,25,0,0,xyz,1,Typosquatted Razorpay imposter link
http://bank-kyc-update.online/login?session_id=90048,bank-kyc-update.online,52,22,0,0,online,1,Fake bank KYC phishing site
http://customs-clearance-pay.com/duty?session_id=90048,customs-clearance-pay.com,54,25,0,0,com,1,Fake customs payment link
http://police-challan-pay.tech/challan?session_id=90048,police-challan-pay.tech,55,23,0,0,tech,1,Fake police fine payment portal
http://refund-support-portal.site/fee?session_id=90048,refund-support-portal.site,54,26,0,0,site,1,Fake refund processing fee portal
http://incometax-refund-gov.in.net/claim?session_id=90048,incometax-refund-gov.in.net,57,27,0,0,net,1,Fake government income tax refund link
http://easy-money-pay.top/join?session_id=90048,easy-money-pay.top,47,18,0,0,top,1,Scam job registration payment link
http://bill-pay-fast.online/electricity?session_id=90048,bill-pay-fast.online,56,20,0,0,online,1,Urgency-driven fake utility payment URL
http://192.168.1.105/razorpay/pay.html?session_id=90048,192.168.1.105,55,13,1,0,105,1,Raw IP address payment destination
https://razorpay.com/payment-link/pl_12345?txn_id=10049,razorpay.com,55,12,0,1,com,0,Legitimate merchant payment link
https://billdesk.com/pay/electricity?txn_id=10049,billdesk.com,49,12,0,1,com,0,Official bill payment portal
https://paytm.com/recharge?txn_id=10049,paytm.com,39,9,0,1,com,0,Legitimate recharge destination
https://www.bescom.co.in/paybill?txn_id=10049,bescom.co.in,45,12,0,1,in,0,Official electricity board website
https://sbi.co.in/portal/pay?txn_id=10049,sbi.co.in,41,9,0,1,in,0,Official SBI banking portal
https://www.icicibank.com/online-pay?txn_id=10049,icicibank.com,49,13,0,1,com,0,Official ICICI banking page
https://amazon.in/gp/pay?txn_id=10049,amazon.in,37,9,0,1,in,0,Official Amazon merchant checkout
https://flipkart.com/checkout/pay?txn_id=10049,flipkart.com,46,12,0,1,com,0,Official Flipkart checkout
https://swiggy.com/checkout?txn_id=10049,swiggy.com,40,10,0,1,com,0,Official food delivery payment
https://zomato.com/pay?txn_id=10049,zomato.com,35,10,0,1,com,0,Official food merchant checkout
http://elect-pay-bill.top/pay?session_id=90049,elect-pay-bill.top,46,18,0,0,top,1,Fake electricity payment portal
http://razorpay-reward-claim.xyz/collect?session_id=90049,razorpay-reward-claim.xyz,57,25,0,0,xyz,1,Typosquatted Razorpay imposter link
http://bank-kyc-update.online/login?session_id=90049,bank-kyc-update.online,52,22,0,0,online,1,Fake bank KYC phishing site
http://customs-clearance-pay.com/duty?session_id=90049,customs-clearance-pay.com,54,25,0,0,com,1,Fake customs payment link
http://police-challan-pay.tech/challan?session_id=90049,police-challan-pay.tech,55,23,0,0,tech,1,Fake police fine payment portal
http://refund-support-portal.site/fee?session_id=90049,refund-support-portal.site,54,26,0,0,site,1,Fake refund processing fee portal
http://incometax-refund-gov.in.net/claim?session_id=90049,incometax-refund-gov.in.net,57,27,0,0,net,1,Fake government income tax refund link
http://easy-money-pay.top/join?session_id=90049,easy-money-pay.top,47,18,0,0,top,1,Scam job registration payment link
http://bill-pay-fast.online/electricity?session_id=90049,bill-pay-fast.online,56,20,0,0,online,1,Urgency-driven fake utility payment URL
http://192.168.1.105/razorpay/pay.html?session_id=90049,192.168.1.105,55,13,1,0,105,1,Raw IP address payment destination
