label,message
ham,Your electricity bill of Rs 1450 for A/C 400192839 is due on 25-Aug. Pay via official app.
ham,"Hi Priya, sending you my share for dinner yesterday via UPI. Thanks!"
ham,Your order #89211 from Amazon has been dispatched. Track your delivery on amazon.in
ham,"Dear customer, your monthly SIP of Rs 5000 has been successfully debited."
ham,Recharge of Rs 299 for mobile 9876543210 is successful. Txn ID: 39401827491.
ham,Meeting rescheduled to 4 PM today. Let me know if that works.
ham,Your OTP for login is 482910. Do not share it with anyone.
ham,Payment of Rs 450 received from Amit Sharma via Razorpay.
ham,Reminder: Doctor appointment scheduled for tomorrow at 10 AM.
ham,Your broadband plan expires in 3 days. Renew at Airtel Thanks App.
spam,URGENT: Electricity power line will be disconnected tonight at 9.30pm. Pay overdue bill Rs 8742 immediately at hxxp://elect-pay-bill.top/pay
spam,"DEAR CUSTOMER, your account is suspended due to missing KYC. Click http://bank-kyc-update.online to verify immediately or legal action will be taken."
spam,"Congratulations! You won a cash reward of Rs 25,000 from Razorpay Scratch Card. Collect now at http://razorpay-reward-claim.xyz"
spam,COURIER ALERT: Parcel #IN-9402 held at customs due to unpaid duty Rs 1499. Pay urgently at http://customs-clearance-pay.com to release parcel.
spam,Cyber Crime Notice: Your mobile number is flagged for illegal activities. Pay fine Rs 5000 at http://police-challan-pay.tech to avoid arrest warrant.
spam,"Dear User, customer support refund of Rs 4999 is approved. Pay processing fee of Rs 199 at http://refund-support-portal.site to receive funds."
spam,"URGENT: Income tax refund Rs 14,200 pending. Update bank details & pay service tax Rs 850 at http://incometax-refund-gov.in.net"
spam,Work from home job offer! Earn Rs 5000 daily by processing simple UPI payments. Register at http://easy-money-pay.top
spam,Electricity bill update: Previous payment failed. Pay Rs 3420 within 30 minutes to prevent line cut. Link: http://bill-pay-fast.online
spam,"Bank Security Alert: Unauthorized transaction of Rs 45,000 detected. Click http://secure-bank-cancel.online immediately to reverse payment."
ham,Your electricity bill of Rs 1450 for A/C 400192839 is due on 25-Aug. Pay via official app. [Ref ID: 10000]
ham,"Hi Priya, sending you my share for dinner yesterday via UPI. Thanks! [Ref ID: 10000]"
ham,Your order #89211 from Amazon has been dispatched. Track your delivery on amazon.in [Ref ID: 10000]
ham,"Dear customer, your monthly SIP of Rs 5000 has been successfully debited. [Ref ID: 10000]"
ham,Recharge of Rs 299 for mobile 9876543210 is successful. Txn ID: 39401827491. [Ref ID: 10000]
ham,Meeting rescheduled to 4 PM today. Let me know if that works. [Ref ID: 10000]
ham,Your OTP for login is 482910. Do not share it with anyone. [Ref ID: 10000]
ham,Payment of Rs 450 received from Amit Sharma via Razorpay. [Ref ID: 10000]
ham,Reminder: Doctor appointment scheduled for tomorrow at 10 AM. [Ref ID: 10000]
ham,Your broadband plan expires in 3 days. Renew at Airtel Thanks App. [Ref ID: 10000]
spam,URGENT: Electricity power line will be disconnected tonight at 9.30pm. Pay overdue bill Rs 8742 immediately at hxxp://elect-pay-bill.top/pay [Ref ID: 10001]
spam,"DEAR CUSTOMER, your account is suspended due to missing KYC. Click http://bank-kyc-update.online to verify immediately or legal action will be taken. [Ref ID: 10001]"
spam,"Congratulations! You won a cash reward of Rs 25,000 from Razorpay Scratch Card. Collect now at http://razorpay-reward-claim.xyz [Ref ID: 10001]"
spam,COURIER ALERT: Parcel #IN-9402 held at customs due to unpaid duty Rs 1499. Pay urgently at http://customs-clearance-pay.com to release parcel. [Ref ID: 10001]
spam,Cyber Crime Notice: Your mobile number is flagged for illegal activities. Pay fine Rs 5000 at http://police-challan-pay.tech to avoid arrest warrant. [Ref ID: 10001]
spam,"Dear User, customer support refund of Rs 4999 is approved. Pay processing fee of Rs 199 at http://refund-support-portal.site to receive funds. [Ref ID: 10001]"
spam,"URGENT: Income tax refund Rs 14,200 pending. Update bank details & pay service tax Rs 850 at http://incometax-refund-gov.in.net [Ref ID: 10001]"
spam,Work from home job offer! Earn Rs 5000 daily by processing simple UPI payments. Register at http://easy-money-pay.top [Ref ID: 10001]
spam,Electricity bill update: Previous payment failed. Pay Rs 3420 within 30 minutes to prevent line cut. Link: http://bill-pay-fast.online [Ref ID: 10001]
spam,"Bank Security Alert: Unauthorized transaction of Rs 45,000 detected. Click http://secure-bank-cancel.online immediately to reverse payment. [Ref ID: 10001]"
ham,Your electricity bill of Rs 1450 for A/C 400192839 is due on 25-Aug. Pay via official app. [Ref ID: 10010]
ham,"Hi Priya, sending you my share for dinner yesterday via UPI. Thanks! [Ref ID: 10010]"
ham,Your order #89211 from Amazon has been dispatched. Track your delivery on amazon.in [Ref ID: 10010]
ham,"Dear customer, your monthly SIP of Rs 5000 has been successfully debited. [Ref ID: 10010]"
ham,Recharge of Rs 299 for mobile 9876543210 is successful. Txn ID: 39401827491. [Ref ID: 10010]
ham,Meeting rescheduled to 4 PM today. Let me know if that works. [Ref ID: 10010]
ham,Your OTP for login is 482910. Do not share it with anyone. [Ref ID: 10010]
ham,Payment of Rs 450 received from Amit Sharma via Razorpay. [Ref ID: 10010]
ham,Reminder: Doctor appointment scheduled for tomorrow at 10 AM. [Ref ID: 10010]
ham,Your broadband plan expires in 3 days. Renew at Airtel Thanks App. [Ref ID: 10010]
spam,URGENT: Electricity power line will be disconnected tonight at 9.30pm. Pay overdue bill Rs 8742 immediately at hxxp://elect-pay-bill.top/pay [Ref ID: 10011]
spam,"DEAR CUSTOMER, your account is suspended due to missing KYC. Click http://bank-kyc-update.online to verify immediately or legal action will be taken. [Ref ID: 10011]"
spam,"Congratulations! You won a cash reward of Rs 25,000 from Razorpay Scratch Card. Collect now at http://razorpay-reward-claim.xyz [Ref ID: 10011]"
spam,COURIER ALERT: Parcel #IN-9402 held at customs due to unpaid duty Rs 1499. Pay urgently at http://customs-clearance-pay.com to release parcel. [Ref ID: 10011]
spam,Cyber Crime Notice: Your mobile number is flagged for illegal activities. Pay fine Rs 5000 at http://police-challan-pay.tech to avoid arrest warrant. [Ref ID: 10011]
spam,"Dear User, customer support refund of Rs 4999 is approved. Pay processing fee of Rs 199 at http://refund-support-portal.site to receive funds. [Ref ID: 10011]"
spam,"URGENT: Income tax refund Rs 14,200 pending. Update bank details & pay service tax Rs 850 at http://incometax-refund-gov.in.net [Ref ID: 10011]"
spam,Work from home job offer! Earn Rs 5000 daily by processing simple UPI payments. Register at http://easy-money-pay.top [Ref ID: 10011]
spam,Electricity bill update: Previous payment failed. Pay Rs 3420 within 30 minutes to prevent line cut. Link: http://bill-pay-fast.online [Ref ID: 10011]
spam,"Bank Security Alert: Unauthorized transaction of Rs 45,000 detected. Click http://secure-bank-cancel.online immediately to reverse payment. [Ref ID: 10011]"
ham,Your electricity bill of Rs 1450 for A/C 400192839 is due on 25-Aug. Pay via official app. [Ref ID: 10020]
ham,"Hi Priya, sending you my share for dinner yesterday via UPI. Thanks! [Ref ID: 10020]"
ham,Your order #89211 from Amazon has been dispatched. Track your delivery on amazon.in [Ref ID: 10020]
ham,"Dear customer, your monthly SIP of Rs 5000 has been successfully debited. [Ref ID: 10020]"
ham,Recharge of Rs 299 for mobile 9876543210 is successful. Txn ID: 39401827491. [Ref ID: 10020]
ham,Meeting rescheduled to 4 PM today. Let me know if that works. [Ref ID: 10020]
ham,Your OTP for login is 482910. Do not share it with anyone. [Ref ID: 10020]
ham,Payment of Rs 450 received from Amit Sharma via Razorpay. [Ref ID: 10020]
ham,Reminder: Doctor appointment scheduled for tomorrow at 10 AM. [Ref ID: 10020]
ham,Your broadband plan expires in 3 days. Renew at Airtel Thanks App. [Ref ID: 10020]
spam,URGENT: Electricity power line will be disconnected tonight at 9.30pm. Pay overdue bill Rs 8742 immediately at hxxp://elect-pay-bill.top/pay [Ref ID: 10021]
spam,"DEAR CUSTOMER, your account is suspended due to missing KYC. Click http://bank-kyc-update.online to verify immediately or legal action will be taken. [Ref ID: 10021]"
spam,"Congratulations! You won a cash reward of Rs 25,000 from Razorpay Scratch Card. Collect now at http://razorpay-reward-claim.xyz [Ref ID: 10021]"
spam,COURIER ALERT: Parcel #IN-9402 held at customs due to unpaid duty Rs 1499. Pay urgently at http://customs-clearance-pay.com to release parcel. [Ref ID: 10021]
spam,Cyber Crime Notice: Your mobile number is flagged for illegal activities. Pay fine Rs 5000 at http://police-challan-pay.tech to avoid arrest warrant. [Ref ID: 10021]
spam,"Dear User, customer support refund of Rs 4999 is approved. Pay processing fee of Rs 199 at http://refund-support-portal.site to receive funds. [Ref ID: 10021]"
spam,"URGENT: Income tax refund Rs 14,200 pending. Update bank details & pay service tax Rs 850 at http://incometax-refund-gov.in.net [Ref ID: 10021]"
spam,Work from home job offer! Earn Rs 5000 daily by processing simple UPI payments. Register at http://easy-money-pay.top [Ref ID: 10021]
spam,Electricity bill update: Previous payment failed. Pay Rs 3420 within 30 minutes to prevent line cut. Link: http://bill-pay-fast.online [Ref ID: 10021]
spam,"Bank Security Alert: Unauthorized transaction of Rs 45,000 detected. Click http://secure-bank-cancel.online immediately to reverse payment. [Ref ID: 10021]"
ham,Your electricity bill of Rs 1450 for A/C 400192839 is due on 25-Aug. Pay via official app. [Ref ID: 10030]
ham,"Hi Priya, sending you my share for dinner yesterday via UPI. Thanks! [Ref ID: 10030]"
ham,Your order #89211 from Amazon has been dispatched. Track your delivery on amazon.in [Ref ID: 10030]
ham,"Dear customer, your monthly SIP of Rs 5000 has been successfully debited. [Ref ID: 10030]"
ham,Recharge of Rs 299 for mobile 9876543210 is successful. Txn ID: 39401827491. [Ref ID: 10030]
ham,Meeting rescheduled to 4 PM today. Let me know if that works. [Ref ID: 10030]
ham,Your OTP for login is 482910. Do not share it with anyone. [Ref ID: 10030]
ham,Payment of Rs 450 received from Amit Sharma via Razorpay. [Ref ID: 10030]
ham,Reminder: Doctor appointment scheduled for tomorrow at 10 AM. [Ref ID: 10030]
ham,Your broadband plan expires in 3 days. Renew at Airtel Thanks App. [Ref ID: 10030]
spam,URGENT: Electricity power line will be disconnected tonight at 9.30pm. Pay overdue bill Rs 8742 immediately at hxxp://elect-pay-bill.top/pay [Ref ID: 10031]
spam,"DEAR CUSTOMER, your account is suspended due to missing KYC. Click http://bank-kyc-update.online to verify immediately or legal action will be taken. [Ref ID: 10031]"
spam,"Congratulations! You won a cash reward of Rs 25,000 from Razorpay Scratch Card. Collect now at http://razorpay-reward-claim.xyz [Ref ID: 10031]"
spam,COURIER ALERT: Parcel #IN-9402 held at customs due to unpaid duty Rs 1499. Pay urgently at http://customs-clearance-pay.com to release parcel. [Ref ID: 10031]
spam,Cyber Crime Notice: Your mobile number is flagged for illegal activities. Pay fine Rs 5000 at http://police-challan-pay.tech to avoid arrest warrant. [Ref ID: 10031]
spam,"Dear User, customer support refund of Rs 4999 is approved. Pay processing fee of Rs 199 at http://refund-support-portal.site to receive funds. [Ref ID: 10031]"
spam,"URGENT: Income tax refund Rs 14,200 pending. Update bank details & pay service tax Rs 850 at http://incometax-refund-gov.in.net [Ref ID: 10031]"
spam,Work from home job offer! Earn Rs 5000 daily by processing simple UPI payments. Register at http://easy-money-pay.top [Ref ID: 10031]
spam,Electricity bill update: Previous payment failed. Pay Rs 3420 within 30 minutes to prevent line cut. Link: http://bill-pay-fast.online [Ref ID: 10031]
spam,"Bank Security Alert: Unauthorized transaction of Rs 45,000 detected. Click http://secure-bank-cancel.online immediately to reverse payment. [Ref ID: 10031]"
ham,Your electricity bill of Rs 1450 for A/C 400192839 is due on 25-Aug. Pay via official app. [Ref ID: 10040]
ham,"Hi Priya, sending you my share for dinner yesterday via UPI. Thanks! [Ref ID: 10040]"
ham,Your order #89211 from Amazon has been dispatched. Track your delivery on amazon.in [Ref ID: 10040]
ham,"Dear customer, your monthly SIP of Rs 5000 has been successfully debited. [Ref ID: 10040]"
ham,Recharge of Rs 299 for mobile 9876543210 is successful. Txn ID: 39401827491. [Ref ID: 10040]
ham,Meeting rescheduled to 4 PM today. Let me know if that works. [Ref ID: 10040]
ham,Your OTP for login is 482910. Do not share it with anyone. [Ref ID: 10040]
ham,Payment of Rs 450 received from Amit Sharma via Razorpay. [Ref ID: 10040]
ham,Reminder: Doctor appointment scheduled for tomorrow at 10 AM. [Ref ID: 10040]
ham,Your broadband plan expires in 3 days. Renew at Airtel Thanks App. [Ref ID: 10040]
spam,URGENT: Electricity power line will be disconnected tonight at 9.30pm. Pay overdue bill Rs 8742 immediately at hxxp://elect-pay-bill.top/pay [Ref ID: 10041]
spam,"DEAR CUSTOMER, your account is suspended due to missing KYC. Click http://bank-kyc-update.online to verify immediately or legal action will be taken. [Ref ID: 10041]"
spam,"Congratulations! You won a cash reward of Rs 25,000 from Razorpay Scratch Card. Collect now at http://razorpay-reward-claim.xyz [Ref ID: 10041]"
spam,COURIER ALERT: Parcel #IN-9402 held at customs due to unpaid duty Rs 1499. Pay urgently at http://customs-clearance-pay.com to release parcel. [Ref ID: 10041]
spam,Cyber Crime Notice: Your mobile number is flagged for illegal activities. Pay fine Rs 5000 at http://police-challan-pay.tech to avoid arrest warrant. [Ref ID: 10041]
spam,"Dear User, customer support refund of Rs 4999 is approved. Pay processing fee of Rs 199 at http://refund-support-portal.site to receive funds. [Ref ID: 10041]"
spam,"URGENT: Income tax refund Rs 14,200 pending. Update bank details & pay service tax Rs 850 at http://incometax-refund-gov.in.net [Ref ID: 10041]"
spam,Work from home job offer! Earn Rs 5000 daily by processing simple UPI payments. Register at http://easy-money-pay.top [Ref ID: 10041]
spam,Electricity bill update: Previous payment failed. Pay Rs 3420 within 30 minutes to prevent line cut. Link: http://bill-pay-fast.online [Ref ID: 10041]
spam,"Bank Security Alert: Unauthorized transaction of Rs 45,000 detected. Click http://secure-bank-cancel.online immediately to reverse payment. [Ref ID: 10041]"
ham,Your electricity bill of Rs 1450 for A/C 400192839 is due on 25-Aug. Pay via official app. [Ref ID: 10050]
ham,"Hi Priya, sending you my share for dinner yesterday via UPI. Thanks! [Ref ID: 10050]"
ham,Your order #89211 from Amazon has been dispatched. Track your delivery on amazon.in [Ref ID: 10050]
ham,"Dear customer, your monthly SIP of Rs 5000 has been successfully debited. [Ref ID: 10050]"
ham,Recharge of Rs 299 for mobile 9876543210 is successful. Txn ID: 39401827491. [Ref ID: 10050]
ham,Meeting rescheduled to 4 PM today. Let me know if that works. [Ref ID: 10050]
ham,Your OTP for login is 482910. Do not share it with anyone. [Ref ID: 10050]
ham,Payment of Rs 450 received from Amit Sharma via Razorpay. [Ref ID: 10050]
ham,Reminder: Doctor appointment scheduled for tomorrow at 10 AM. [Ref ID: 10050]
ham,Your broadband plan expires in 3 days. Renew at Airtel Thanks App. [Ref ID: 10050]
spam,URGENT: Electricity power line will be disconnected tonight at 9.30pm. Pay overdue bill Rs 8742 immediately at hxxp://elect-pay-bill.top/pay [Ref ID: 10051]
spam,"DEAR CUSTOMER, your account is suspended due to missing KYC. Click http://bank-kyc-update.online to verify immediately or legal action will be taken. [Ref ID: 10051]"
spam,"Congratulations! You won a cash reward of Rs 25,000 from Razorpay Scratch Card. Collect now at http://razorpay-reward-claim.xyz [Ref ID: 10051]"
spam,COURIER ALERT: Parcel #IN-9402 held at customs due to unpaid duty Rs 1499. Pay urgently at http://customs-clearance-pay.com to release parcel. [Ref ID: 10051]
spam,Cyber Crime Notice: Your mobile number is flagged for illegal activities. Pay fine Rs 5000 at http://police-challan-pay.tech to avoid arrest warrant. [Ref ID: 10051]
spam,"Dear User, customer support refund of Rs 4999 is approved. Pay processing fee of Rs 199 at http://refund-support-portal.site to receive funds. [Ref ID: 10051]"
spam,"URGENT: Income tax refund Rs 14,200 pending. Update bank details & pay service tax Rs 850 at http://incometax-refund-gov.in.net [Ref ID: 10051]"
spam,Work from home job offer! Earn Rs 5000 daily by processing simple UPI payments. Register at http://easy-money-pay.top [Ref ID: 10051]
spam,Electricity bill update: Previous payment failed. Pay Rs 3420 within 30 minutes to prevent line cut. Link: http://bill-pay-fast.online [Ref ID: 10051]
spam,"Bank Security Alert: Unauthorized transaction of Rs 45,000 detected. Click http://secure-bank-cancel.online immediately to reverse payment. [Ref ID: 10051]"
ham,Your electricity bill of Rs 1450 for A/C 400192839 is due on 25-Aug. Pay via official app. [Ref ID: 10060]
ham,"Hi Priya, sending you my share for dinner yesterday via UPI. Thanks! [Ref ID: 10060]"
ham,Your order #89211 from Amazon has been dispatched. Track your delivery on amazon.in [Ref ID: 10060]
ham,"Dear customer, your monthly SIP of Rs 5000 has been successfully debited. [Ref ID: 10060]"
ham,Recharge of Rs 299 for mobile 9876543210 is successful. Txn ID: 39401827491. [Ref ID: 10060]
ham,Meeting rescheduled to 4 PM today. Let me know if that works. [Ref ID: 10060]
ham,Your OTP for login is 482910. Do not share it with anyone. [Ref ID: 10060]
ham,Payment of Rs 450 received from Amit Sharma via Razorpay. [Ref ID: 10060]
ham,Reminder: Doctor appointment scheduled for tomorrow at 10 AM. [Ref ID: 10060]
ham,Your broadband plan expires in 3 days. Renew at Airtel Thanks App. [Ref ID: 10060]
spam,URGENT: Electricity power line will be disconnected tonight at 9.30pm. Pay overdue bill Rs 8742 immediately at hxxp://elect-pay-bill.top/pay [Ref ID: 10061]
spam,"DEAR CUSTOMER, your account is suspended due to missing KYC. Click http://bank-kyc-update.online to verify immediately or legal action will be taken. [Ref ID: 10061]"
spam,"Congratulations! You won a cash reward of Rs 25,000 from Razorpay Scratch Card. Collect now at http://razorpay-reward-claim.xyz [Ref ID: 10061]"
spam,COURIER ALERT: Parcel #IN-9402 held at customs due to unpaid duty Rs 1499. Pay urgently at http://customs-clearance-pay.com to release parcel. [Ref ID: 10061]
spam,Cyber Crime Notice: Your mobile number is flagged for illegal activities. Pay fine Rs 5000 at http://police-challan-pay.tech to avoid arrest warrant. [Ref ID: 10061]
spam,"Dear User, customer support refund of Rs 4999 is approved. Pay processing fee of Rs 199 at http://refund-support-portal.site to receive funds. [Ref ID: 10061]"
spam,"URGENT: Income tax refund Rs 14,200 pending. Update bank details & pay service tax Rs 850 at http://incometax-refund-gov.in.net [Ref ID: 10061]"
spam,Work from home job offer! Earn Rs 5000 daily by processing simple UPI payments. Register at http://easy-money-pay.top [Ref ID: 10061]
spam,Electricity bill update: Previous payment failed. Pay Rs 3420 within 30 minutes to prevent line cut. Link: http://bill-pay-fast.online [Ref ID: 10061]
spam,"Bank Security Alert: Unauthorized transaction of Rs 45,000 detected. Click http://secure-bank-cancel.online immediately to reverse payment. [Ref ID: 10061]"
ham,Your electricity bill of Rs 1450 for A/C 400192839 is due on 25-Aug. Pay via official app. [Ref ID: 10070]
ham,"Hi Priya, sending you my share for dinner yesterday via UPI. Thanks! [Ref ID: 10070]"
ham,Your order #89211 from Amazon has been dispatched. Track your delivery on amazon.in [Ref ID: 10070]
ham,"Dear customer, your monthly SIP of Rs 5000 has been successfully debited. [Ref ID: 10070]"
ham,Recharge of Rs 299 for mobile 9876543210 is successful. Txn ID: 39401827491. [Ref ID: 10070]
ham,Meeting rescheduled to 4 PM today. Let me know if that works. [Ref ID: 10070]
ham,Your OTP for login is 482910. Do not share it with anyone. [Ref ID: 10070]
ham,Payment of Rs 450 received from Amit Sharma via Razorpay. [Ref ID: 10070]
ham,Reminder: Doctor appointment scheduled for tomorrow at 10 AM. [Ref ID: 10070]
ham,Your broadband plan expires in 3 days. Renew at Airtel Thanks App. [Ref ID: 10070]
spam,URGENT: Electricity power line will be disconnected tonight at 9.30pm. Pay overdue bill Rs 8742 immediately at hxxp://elect-pay-bill.top/pay [Ref ID: 10071]
spam,"DEAR CUSTOMER, your account is suspended due to missing KYC. Click http://bank-kyc-update.online to verify immediately or legal action will be taken. [Ref ID: 10071]"
spam,"Congratulations! You won a cash reward of Rs 25,000 from Razorpay Scratch Card. Collect now at http://razorpay-reward-claim.xyz [Ref ID: 10071]"
spam,COURIER ALERT: Parcel #IN-9402 held at customs due to unpaid duty Rs 1499. Pay urgently at http://customs-clearance-pay.com to release parcel. [Ref ID: 10071]
spam,Cyber Crime Notice: Your mobile number is flagged for illegal activities. Pay fine Rs 5000 at http://police-challan-pay.tech to avoid arrest warrant. [Ref ID: 10071]
spam,"Dear User, customer support refund of Rs 4999 is approved. Pay processing fee of Rs 199 at http://refund-support-portal.site to receive funds. [Ref ID: 10071]"
spam,"URGENT: Income tax refund Rs 14,200 pending. Update bank details & pay service tax Rs 850 at http://incometax-refund-gov.in.net [Ref ID: 10071]"
spam,Work from home job offer! Earn Rs 5000 daily by processing simple UPI payments. Register at http://easy-money-pay.top [Ref ID: 10071]
spam,Electricity bill update: Previous payment failed. Pay Rs 3420 within 30 minutes to prevent line cut. Link: http://bill-pay-fast.online [Ref ID: 10071]
spam,"Bank Security Alert: Unauthorized transaction of Rs 45,000 detected. Click http://secure-bank-cancel.online immediately to reverse payment. [Ref ID: 10071]"
ham,Your electricity bill of Rs 1450 for A/C 400192839 is due on 25-Aug. Pay via official app. [Ref ID: 10080]
ham,"Hi Priya, sending you my share for dinner yesterday via UPI. Thanks! [Ref ID: 10080]"
ham,Your order #89211 from Amazon has been dispatched. Track your delivery on amazon.in [Ref ID: 10080]
ham,"Dear customer, your monthly SIP of Rs 5000 has been successfully debited. [Ref ID: 10080]"
ham,Recharge of Rs 299 for mobile 9876543210 is successful. Txn ID: 39401827491. [Ref ID: 10080]
ham,Meeting rescheduled to 4 PM today. Let me know if that works. [Ref ID: 10080]
ham,Your OTP for login is 482910. Do not share it with anyone. [Ref ID: 10080]
ham,Payment of Rs 450 received from Amit Sharma via Razorpay. [Ref ID: 10080]
ham,Reminder: Doctor appointment scheduled for tomorrow at 10 AM. [Ref ID: 10080]
ham,Your broadband plan expires in 3 days. Renew at Airtel Thanks App. [Ref ID: 10080]
spam,URGENT: Electricity power line will be disconnected tonight at 9.30pm. Pay overdue bill Rs 8742 immediately at hxxp://elect-pay-bill.top/pay [Ref ID: 10081]
spam,"DEAR CUSTOMER, your account is suspended due to missing KYC. Click http://bank-kyc-update.online to verify immediately or legal action will be taken. [Ref ID: 10081]"
spam,"Congratulations! You won a cash reward of Rs 25,000 from Razorpay Scratch Card. Collect now at http://razorpay-reward-claim.xyz [Ref ID: 10081]"
spam,COURIER ALERT: Parcel #IN-9402 held at customs due to unpaid duty Rs 1499. Pay urgently at http://customs-clearance-pay.com to release parcel. [Ref ID: 10081]
spam,Cyber Crime Notice: Your mobile number is flagged for illegal activities. Pay fine Rs 5000 at http://police-challan-pay.tech to avoid arrest warrant. [Ref ID: 10081]
spam,"Dear User, customer support refund of Rs 4999 is approved. Pay processing fee of Rs 199 at http://refund-support-portal.site to receive funds. [Ref ID: 10081]"
spam,"URGENT: Income tax refund Rs 14,200 pending. Update bank details & pay service tax Rs 850 at http://incometax-refund-gov.in.net [Ref ID: 10081]"
spam,Work from home job offer! Earn Rs 5000 daily by processing simple UPI payments. Register at http://easy-money-pay.top [Ref ID: 10081]
spam,Electricity bill update: Previous payment failed. Pay Rs 3420 within 30 minutes to prevent line cut. Link: http://bill-pay-fast.online [Ref ID: 10081]
spam,"Bank Security Alert: Unauthorized transaction of Rs 45,000 detected. Click http://secure-bank-cancel.online immediately to reverse payment. [Ref ID: 10081]"
ham,Your electricity bill of Rs 1450 for A/C 400192839 is due on 25-Aug. Pay via official app. [Ref ID: 10090]
ham,"Hi Priya, sending you my share for dinner yesterday via UPI. Thanks! [Ref ID: 10090]"
ham,Your order #89211 from Amazon has been dispatched. Track your delivery on amazon.in [Ref ID: 10090]
ham,"Dear customer, your monthly SIP of Rs 5000 has been successfully debited. [Ref ID: 10090]"
ham,Recharge of Rs 299 for mobile 9876543210 is successful. Txn ID: 39401827491. [Ref ID: 10090]
ham,Meeting rescheduled to 4 PM today. Let me know if that works. [Ref ID: 10090]
ham,Your OTP for login is 482910. Do not share it with anyone. [Ref ID: 10090]
ham,Payment of Rs 450 received from Amit Sharma via Razorpay. [Ref ID: 10090]
ham,Reminder: Doctor appointment scheduled for tomorrow at 10 AM. [Ref ID: 10090]
ham,Your broadband plan expires in 3 days. Renew at Airtel Thanks App. [Ref ID: 10090]
spam,URGENT: Electricity power line will be disconnected tonight at 9.30pm. Pay overdue bill Rs 8742 immediately at hxxp://elect-pay-bill.top/pay [Ref ID: 10091]
spam,"DEAR CUSTOMER, your account is suspended due to missing KYC. Click http://bank-kyc-update.online to verify immediately or legal action will be taken. [Ref ID: 10091]"
spam,"Congratulations! You won a cash reward of Rs 25,000 from Razorpay Scratch Card. Collect now at http://razorpay-reward-claim.xyz [Ref ID: 10091]"
spam,COURIER ALERT: Parcel #IN-9402 held at customs due to unpaid duty Rs 1499. Pay urgently at http://customs-clearance-pay.com to release parcel. [Ref ID: 10091]
spam,Cyber Crime Notice: Your mobile number is flagged for illegal activities. Pay fine Rs 5000 at http://police-challan-pay.tech to avoid arrest warrant. [Ref ID: 10091]
spam,"Dear User, customer support refund of Rs 4999 is approved. Pay processing fee of Rs 199 at http://refund-support-portal.site to receive funds. [Ref ID: 10091]"
spam,"URGENT: Income tax refund Rs 14,200 pending. Update bank details & pay service tax Rs 850 at http://incometax-refund-gov.in.net [Ref ID: 10091]"
spam,Work from home job offer! Earn Rs 5000 daily by processing simple UPI payments. Register at http://easy-money-pay.top [Ref ID: 10091]
spam,Electricity bill update: Previous payment failed. Pay Rs 3420 within 30 minutes to prevent line cut. Link: http://bill-pay-fast.online [Ref ID: 10091]
spam,"Bank Security Alert: Unauthorized transaction of Rs 45,000 detected. Click http://secure-bank-cancel.online immediately to reverse payment. [Ref ID: 10091]"
ham,Your electricity bill of Rs 1450 for A/C 400192839 is due on 25-Aug. Pay via official app. [Ref ID: 10100]
ham,"Hi Priya, sending you my share for dinner yesterday via UPI. Thanks! [Ref ID: 10100]"
ham,Your order #89211 from Amazon has been dispatched. Track your delivery on amazon.in [Ref ID: 10100]
ham,"Dear customer, your monthly SIP of Rs 5000 has been successfully debited. [Ref ID: 10100]"
ham,Recharge of Rs 299 for mobile 9876543210 is successful. Txn ID: 39401827491. [Ref ID: 10100]
ham,Meeting rescheduled to 4 PM today. Let me know if that works. [Ref ID: 10100]
ham,Your OTP for login is 482910. Do not share it with anyone. [Ref ID: 10100]
ham,Payment of Rs 450 received from Amit Sharma via Razorpay. [Ref ID: 10100]
ham,Reminder: Doctor appointment scheduled for tomorrow at 10 AM. [Ref ID: 10100]
ham,Your broadband plan expires in 3 days. Renew at Airtel Thanks App. [Ref ID: 10100]
spam,URGENT: Electricity power line will be disconnected tonight at 9.30pm. Pay overdue bill Rs 8742 immediately at hxxp://elect-pay-bill.top/pay [Ref ID: 10101]
spam,"DEAR CUSTOMER, your account is suspended due to missing KYC. Click http://bank-kyc-update.online to verify immediately or legal action will be taken. [Ref ID: 10101]"
spam,"Congratulations! You won a cash reward of Rs 25,000 from Razorpay Scratch Card. Collect now at http://razorpay-reward-claim.xyz [Ref ID: 10101]"
spam,COURIER ALERT: Parcel #IN-9402 held at customs due to unpaid duty Rs 1499. Pay urgently at http://customs-clearance-pay.com to release parcel. [Ref ID: 10101]
spam,Cyber Crime Notice: Your mobile number is flagged for illegal activities. Pay fine Rs 5000 at http://police-challan-pay.tech to avoid arrest warrant. [Ref ID: 10101]
spam,"Dear User, customer support refund of Rs 4999 is approved. Pay processing fee of Rs 199 at http://refund-support-portal.site to receive funds. [Ref ID: 10101]"
spam,"URGENT: Income tax refund Rs 14,200 pending. Update bank details & pay service tax Rs 850 at http://incometax-refund-gov.in.net [Ref ID: 10101]"
spam,Work from home job offer! Earn Rs 5000 daily by processing simple UPI payments. Register at http://easy-money-pay.top [Ref ID: 10101]
spam,Electricity bill update: Previous payment failed. Pay Rs 3420 within 30 minutes to prevent line cut. Link: http://bill-pay-fast.online [Ref ID: 10101]
spam,"Bank Security Alert: Unauthorized transaction of Rs 45,000 detected. Click http://secure-bank-cancel.online immediately to reverse payment. [Ref ID: 10101]"
ham,Your electricity bill of Rs 1450 for A/C 400192839 is due on 25-Aug. Pay via official app. [Ref ID: 10110]
ham,"Hi Priya, sending you my share for dinner yesterday via UPI. Thanks! [Ref ID: 10110]"
ham,Your order #89211 from Amazon has been dispatched. Track your delivery on amazon.in [Ref ID: 10110]
ham,"Dear customer, your monthly SIP of Rs 5000 has been successfully debited. [Ref ID: 10110]"
ham,Recharge of Rs 299 for mobile 9876543210 is successful. Txn ID: 39401827491. [Ref ID: 10110]
ham,Meeting rescheduled to 4 PM today. Let me know if that works. [Ref ID: 10110]
ham,Your OTP for login is 482910. Do not share it with anyone. [Ref ID: 10110]
ham,Payment of Rs 450 received from Amit Sharma via Razorpay. [Ref ID: 10110]
ham,Reminder: Doctor appointment scheduled for tomorrow at 10 AM. [Ref ID: 10110]
ham,Your broadband plan expires in 3 days. Renew at Airtel Thanks App. [Ref ID: 10110]
spam,URGENT: Electricity power line will be disconnected tonight at 9.30pm. Pay overdue bill Rs 8742 immediately at hxxp://elect-pay-bill.top/pay [Ref ID: 10111]
spam,"DEAR CUSTOMER, your account is suspended due to missing KYC. Click http://bank-kyc-update.online to verify immediately or legal action will be taken. [Ref ID: 10111]"
spam,"Congratulations! You won a cash reward of Rs 25,000 from Razorpay Scratch Card. Collect now at http://razorpay-reward-claim.xyz [Ref ID: 10111]"
spam,COURIER ALERT: Parcel #IN-9402 held at customs due to unpaid duty Rs 1499. Pay urgently at http://customs-clearance-pay.com to release parcel. [Ref ID: 10111]
spam,Cyber Crime Notice: Your mobile number is flagged for illegal activities. Pay fine Rs 5000 at http://police-challan-pay.tech to avoid arrest warrant. [Ref ID: 10111]
spam,"Dear User, customer support refund of Rs 4999 is approved. Pay processing fee of Rs 199 at http://refund-support-portal.site to receive funds. [Ref ID: 10111]"
spam,"URGENT: Income tax refund Rs 14,200 pending. Update bank details & pay service tax Rs 850 at http://incometax-refund-gov.in.net [Ref ID: 10111]"
spam,Work from home job offer! Earn Rs 5000 daily by processing simple UPI payments. Register at http://easy-money-pay.top [Ref ID: 10111]
spam,Electricity bill update: Previous payment failed. Pay Rs 3420 within 30 minutes to prevent line cut. Link: http://bill-pay-fast.online [Ref ID: 10111]
spam,"Bank Security Alert: Unauthorized transaction of Rs 45,000 detected. Click http://secure-bank-cancel.online immediately to reverse payment. [Ref ID: 10111]"
ham,Your electricity bill of Rs 1450 for A/C 400192839 is due on 25-Aug. Pay via official app. [Ref ID: 10120]
ham,"Hi Priya, sending you my share for dinner yesterday via UPI. Thanks! [Ref ID: 10120]"
ham,Your order #89211 from Amazon has been dispatched. Track your delivery on amazon.in [Ref ID: 10120]
ham,"Dear customer, your monthly SIP of Rs 5000 has been successfully debited. [Ref ID: 10120]"
ham,Recharge of Rs 299 for mobile 9876543210 is successful. Txn ID: 39401827491. [Ref ID: 10120]
ham,Meeting rescheduled to 4 PM today. Let me know if that works. [Ref ID: 10120]
ham,Your OTP for login is 482910. Do not share it with anyone. [Ref ID: 10120]
ham,Payment of Rs 450 received from Amit Sharma via Razorpay. [Ref ID: 10120]
ham,Reminder: Doctor appointment scheduled for tomorrow at 10 AM. [Ref ID: 10120]
ham,Your broadband plan expires in 3 days. Renew at Airtel Thanks App. [Ref ID: 10120]
spam,URGENT: Electricity power line will be disconnected tonight at 9.30pm. Pay overdue bill Rs 8742 immediately at hxxp://elect-pay-bill.top/pay [Ref ID: 10121]
spam,"DEAR CUSTOMER, your account is suspended due to missing KYC. Click http://bank-kyc-update.online to verify immediately or legal action will be taken. [Ref ID: 10121]"
spam,"Congratulations! You won a cash reward of Rs 25,000 from Razorpay Scratch Card. Collect now at http://razorpay-reward-claim.xyz [Ref ID: 10121]"
spam,COURIER ALERT: Parcel #IN-9402 held at customs due to unpaid duty Rs 1499. Pay urgently at http://customs-clearance-pay.com to release parcel. [Ref ID: 10121]
spam,Cyber Crime Notice: Your mobile number is flagged for illegal activities. Pay fine Rs 5000 at http://police-challan-pay.tech to avoid arrest warrant. [Ref ID: 10121]
spam,"Dear User, customer support refund of Rs 4999 is approved. Pay processing fee of Rs 199 at http://refund-support-portal.site to receive funds. [Ref ID: 10121]"
spam,"URGENT: Income tax refund Rs 14,200 pending. Update bank details & pay service tax Rs 850 at http://incometax-refund-gov.in.net [Ref ID: 10121]"
spam,Work from home job offer! Earn Rs 5000 daily by processing simple UPI payments. Register at http://easy-money-pay.top [Ref ID: 10121]
spam,Electricity bill update: Previous payment failed. Pay Rs 3420 within 30 minutes to prevent line cut. Link: http://bill-pay-fast.online [Ref ID: 10121]
spam,"Bank Security Alert: Unauthorized transaction of Rs 45,000 detected. Click http://secure-bank-cancel.online immediately to reverse payment. [Ref ID: 10121]"
ham,Your electricity bill of Rs 1450 for A/C 400192839 is due on 25-Aug. Pay via official app. [Ref ID: 10130]
ham,"Hi Priya, sending you my share for dinner yesterday via UPI. Thanks! [Ref ID: 10130]"
ham,Your order #89211 from Amazon has been dispatched. Track your delivery on amazon.in [Ref ID: 10130]
ham,"Dear customer, your monthly SIP of Rs 5000 has been successfully debited. [Ref ID: 10130]"
ham,Recharge of Rs 299 for mobile 9876543210 is successful. Txn ID: 39401827491. [Ref ID: 10130]
ham,Meeting rescheduled to 4 PM today. Let me know if that works. [Ref ID: 10130]
ham,Your OTP for login is 482910. Do not share it with anyone. [Ref ID: 10130]
ham,Payment of Rs 450 received from Amit Sharma via Razorpay. [Ref ID: 10130]
ham,Reminder: Doctor appointment scheduled for tomorrow at 10 AM. [Ref ID: 10130]
ham,Your broadband plan expires in 3 days. Renew at Airtel Thanks App. [Ref ID: 10130]
spam,URGENT: Electricity power line will be disconnected tonight at 9.30pm. Pay overdue bill Rs 8742 immediately at hxxp://elect-pay-bill.top/pay [Ref ID: 10131]
spam,"DEAR CUSTOMER, your account is suspended due to missing KYC. Click http://bank-kyc-update.online to verify immediately or legal action will be taken. [Ref ID: 10131]"
spam,"Congratulations! You won a cash reward of Rs 25,000 from Razorpay Scratch Card. Collect now at http://razorpay-reward-claim.xyz [Ref ID: 10131]"
spam,COURIER ALERT: Parcel #IN-9402 held at customs due to unpaid duty Rs 1499. Pay urgently at http://customs-clearance-pay.com to release parcel. [Ref ID: 10131]
spam,Cyber Crime Notice: Your mobile number is flagged for illegal activities. Pay fine Rs 5000 at http://police-challan-pay.tech to avoid arrest warrant. [Ref ID: 10131]
spam,"Dear User, customer support refund of Rs 4999 is approved. Pay processing fee of Rs 199 at http://refund-support-portal.site to receive funds. [Ref ID: 10131]"
spam,"URGENT: Income tax refund Rs 14,200 pending. Update bank details & pay service tax Rs 850 at http://incometax-refund-gov.in.net [Ref ID: 10131]"
spam,Work from home job offer! Earn Rs 5000 daily by processing simple UPI payments. Register at http://easy-money-pay.top [Ref ID: 10131]
spam,Electricity bill update: Previous payment failed. Pay Rs 3420 within 30 minutes to prevent line cut. Link: http://bill-pay-fast.online [Ref ID: 10131]
spam,"Bank Security Alert: Unauthorized transaction of Rs 45,000 detected. Click http://secure-bank-cancel.online immediately to reverse payment. [Ref ID: 10131]"
ham,Your electricity bill of Rs 1450 for A/C 400192839 is due on 25-Aug. Pay via official app. [Ref ID: 10140]
ham,"Hi Priya, sending you my share for dinner yesterday via UPI. Thanks! [Ref ID: 10140]"
ham,Your order #89211 from Amazon has been dispatched. Track your delivery on amazon.in [Ref ID: 10140]
ham,"Dear customer, your monthly SIP of Rs 5000 has been successfully debited. [Ref ID: 10140]"
ham,Recharge of Rs 299 for mobile 9876543210 is successful. Txn ID: 39401827491. [Ref ID: 10140]
ham,Meeting rescheduled to 4 PM today. Let me know if that works. [Ref ID: 10140]
ham,Your OTP for login is 482910. Do not share it with anyone. [Ref ID: 10140]
ham,Payment of Rs 450 received from Amit Sharma via Razorpay. [Ref ID: 10140]
ham,Reminder: Doctor appointment scheduled for tomorrow at 10 AM. [Ref ID: 10140]
ham,Your broadband plan expires in 3 days. Renew at Airtel Thanks App. [Ref ID: 10140]
spam,URGENT: Electricity power line will be disconnected tonight at 9.30pm. Pay overdue bill Rs 8742 immediately at hxxp://elect-pay-bill.top/pay [Ref ID: 10141]
spam,"DEAR CUSTOMER, your account is suspended due to missing KYC. Click http://bank-kyc-update.online to verify immediately or legal action will be taken. [Ref ID: 10141]"
spam,"Congratulations! You won a cash reward of Rs 25,000 from Razorpay Scratch Card. Collect now at http://razorpay-reward-claim.xyz [Ref ID: 10141]"
spam,COURIER ALERT: Parcel #IN-9402 held at customs due to unpaid duty Rs 1499. Pay urgently at http://customs-clearance-pay.com to release parcel. [Ref ID: 10141]
spam,Cyber Crime Notice: Your mobile number is flagged for illegal activities. Pay fine Rs 5000 at http://police-challan-pay.tech to avoid arrest warrant. [Ref ID: 10141]
spam,"Dear User, customer support refund of Rs 4999 is approved. Pay processing fee of Rs 199 at http://refund-support-portal.site to receive funds. [Ref ID: 10141]"
spam,"URGENT: Income tax refund Rs 14,200 pending. Update bank details & pay service tax Rs 850 at http://incometax-refund-gov.in.net [Ref ID: 10141]"
spam,Work from home job offer! Earn Rs 5000 daily by processing simple UPI payments. Register at http://easy-money-pay.top [Ref ID: 10141]
spam,Electricity bill update: Previous payment failed. Pay Rs 3420 within 30 minutes to prevent line cut. Link: http://bill-pay-fast.online [Ref ID: 10141]
spam,"Bank Security Alert: Unauthorized transaction of Rs 45,000 detected. Click http://secure-bank-cancel.online immediately to reverse payment. [Ref ID: 10141]"
ham,Your electricity bill of Rs 1450 for A/C 400192839 is due on 25-Aug. Pay via official app. [Ref ID: 10150]
ham,"Hi Priya, sending you my share for dinner yesterday via UPI. Thanks! [Ref ID: 10150]"
ham,Your order #89211 from Amazon has been dispatched. Track your delivery on amazon.in [Ref ID: 10150]
ham,"Dear customer, your monthly SIP of Rs 5000 has been successfully debited. [Ref ID: 10150]"
ham,Recharge of Rs 299 for mobile 9876543210 is successful. Txn ID: 39401827491. [Ref ID: 10150]
ham,Meeting rescheduled to 4 PM today. Let me know if that works. [Ref ID: 10150]
ham,Your OTP for login is 482910. Do not share it with anyone. [Ref ID: 10150]
ham,Payment of Rs 450 received from Amit Sharma via Razorpay. [Ref ID: 10150]
ham,Reminder: Doctor appointment scheduled for tomorrow at 10 AM. [Ref ID: 10150]
ham,Your broadband plan expires in 3 days. Renew at Airtel Thanks App. [Ref ID: 10150]
spam,URGENT: Electricity power line will be disconnected tonight at 9.30pm. Pay overdue bill Rs 8742 immediately at hxxp://elect-pay-bill.top/pay [Ref ID: 10151]
spam,"DEAR CUSTOMER, your account is suspended due to missing KYC. Click http://bank-kyc-update.online to verify immediately or legal action will be taken. [Ref ID: 10151]"
spam,"Congratulations! You won a cash reward of Rs 25,000 from Razorpay Scratch Card. Collect now at http://razorpay-reward-claim.xyz [Ref ID: 10151]"
spam,COURIER ALERT: Parcel #IN-9402 held at customs due to unpaid duty Rs 1499. Pay urgently at http://customs-clearance-pay.com to release parcel. [Ref ID: 10151]
spam,Cyber Crime Notice: Your mobile number is flagged for illegal activities. Pay fine Rs 5000 at http://police-challan-pay.tech to avoid arrest warrant. [Ref ID: 10151]
spam,"Dear User, customer support refund of Rs 4999 is approved. Pay processing fee of Rs 199 at http://refund-support-portal.site to receive funds. [Ref ID: 10151]"
spam,"URGENT: Income tax refund Rs 14,200 pending. Update bank details & pay service tax Rs 850 at http://incometax-refund-gov.in.net [Ref ID: 10151]"
spam,Work from home job offer! Earn Rs 5000 daily by processing simple UPI payments. Register at http://easy-money-pay.top [Ref ID: 10151]
spam,Electricity bill update: Previous payment failed. Pay Rs 3420 within 30 minutes to prevent line cut. Link: http://bill-pay-fast.online [Ref ID: 10151]
spam,"Bank Security Alert: Unauthorized transaction of Rs 45,000 detected. Click http://secure-bank-cancel.online immediately to reverse payment. [Ref ID: 10151]"
ham,Your electricity bill of Rs 1450 for A/C 400192839 is due on 25-Aug. Pay via official app. [Ref ID: 10160]
ham,"Hi Priya, sending you my share for dinner yesterday via UPI. Thanks! [Ref ID: 10160]"
ham,Your order #89211 from Amazon has been dispatched. Track your delivery on amazon.in [Ref ID: 10160]
ham,"Dear customer, your monthly SIP of Rs 5000 has been successfully debited. [Ref ID: 10160]"
ham,Recharge of Rs 299 for mobile 9876543210 is successful. Txn ID: 39401827491. [Ref ID: 10160]
ham,Meeting rescheduled to 4 PM today. Let me know if that works. [Ref ID: 10160]
ham,Your OTP for login is 482910. Do not share it with anyone. [Ref ID: 10160]
ham,Payment of Rs 450 received from Amit Sharma via Razorpay. [Ref ID: 10160]
ham,Reminder: Doctor appointment scheduled for tomorrow at 10 AM. [Ref ID: 10160]
ham,Your broadband plan expires in 3 days. Renew at Airtel Thanks App. [Ref ID: 10160]
spam,URGENT: Electricity power line will be disconnected tonight at 9.30pm. Pay overdue bill Rs 8742 immediately at hxxp://elect-pay-bill.top/pay [Ref ID: 10161]
spam,"DEAR CUSTOMER, your account is suspended due to missing KYC. Click http://bank-kyc-update.online to verify immediately or legal action will be taken. [Ref ID: 10161]"
spam,"Congratulations! You won a cash reward of Rs 25,000 from Razorpay Scratch Card. Collect now at http://razorpay-reward-claim.xyz [Ref ID: 10161]"
spam,COURIER ALERT: Parcel #IN-9402 held at customs due to unpaid duty Rs 1499. Pay urgently at http://customs-clearance-pay.com to release parcel. [Ref ID: 10161]
spam,Cyber Crime Notice: Your mobile number is flagged for illegal activities. Pay fine Rs 5000 at http://police-challan-pay.tech to avoid arrest warrant. [Ref ID: 10161]
spam,"Dear User, customer support refund of Rs 4999 is approved. Pay processing fee of Rs 199 at http://refund-support-portal.site to receive funds. [Ref ID: 10161]"
spam,"URGENT: Income tax refund Rs 14,200 pending. Update bank details & pay service tax Rs 850 at http://incometax-refund-gov.in.net [Ref ID: 10161]"
spam,Work from home job offer! Earn Rs 5000 daily by processing simple UPI payments. Register at http://easy-money-pay.top [Ref ID: 10161]
spam,Electricity bill update: Previous payment failed. Pay Rs 3420 within 30 minutes to prevent line cut. Link: http://bill-pay-fast.online [Ref ID: 10161]
spam,"Bank Security Alert: Unauthorized transaction of Rs 45,000 detected. Click http://secure-bank-cancel.online immediately to reverse payment. [Ref ID: 10161]"
ham,Your electricity bill of Rs 1450 for A/C 400192839 is due on 25-Aug. Pay via official app. [Ref ID: 10170]
ham,"Hi Priya, sending you my share for dinner yesterday via UPI. Thanks! [Ref ID: 10170]"
ham,Your order #89211 from Amazon has been dispatched. Track your delivery on amazon.in [Ref ID: 10170]
ham,"Dear customer, your monthly SIP of Rs 5000 has been successfully debited. [Ref ID: 10170]"
ham,Recharge of Rs 299 for mobile 9876543210 is successful. Txn ID: 39401827491. [Ref ID: 10170]
ham,Meeting rescheduled to 4 PM today. Let me know if that works. [Ref ID: 10170]
ham,Your OTP for login is 482910. Do not share it with anyone. [Ref ID: 10170]
ham,Payment of Rs 450 received from Amit Sharma via Razorpay. [Ref ID: 10170]
ham,Reminder: Doctor appointment scheduled for tomorrow at 10 AM. [Ref ID: 10170]
ham,Your broadband plan expires in 3 days. Renew at Airtel Thanks App. [Ref ID: 10170]
spam,URGENT: Electricity power line will be disconnected tonight at 9.30pm. Pay overdue bill Rs 8742 immediately at hxxp://elect-pay-bill.top/pay [Ref ID: 10171]
spam,"DEAR CUSTOMER, your account is suspended due to missing KYC. Click http://bank-kyc-update.online to verify immediately or legal action will be taken. [Ref ID: 10171]"
spam,"Congratulations! You won a cash reward of Rs 25,000 from Razorpay Scratch Card. Collect now at http://razorpay-reward-claim.xyz [Ref ID: 10171]"
spam,COURIER ALERT: Parcel #IN-9402 held at customs due to unpaid duty Rs 1499. Pay urgently at http://customs-clearance-pay.com to release parcel. [Ref ID: 10171]
spam,Cyber Crime Notice: Your mobile number is flagged for illegal activities. Pay fine Rs 5000 at http://police-challan-pay.tech to avoid arrest warrant. [Ref ID: 10171]
spam,"Dear User, customer support refund of Rs 4999 is approved. Pay processing fee of Rs 199 at http://refund-support-portal.site to receive funds. [Ref ID: 10171]"
spam,"URGENT: Income tax refund Rs 14,200 pending. Update bank details & pay service tax Rs 850 at http://incometax-refund-gov.in.net [Ref ID: 10171]"
spam,Work from home job offer! Earn Rs 5000 daily by processing simple UPI payments. Register at http://easy-money-pay.top [Ref ID: 10171]
spam,Electricity bill update: Previous payment failed. Pay Rs 3420 within 30 minutes to prevent line cut. Link: http://bill-pay-fast.online [Ref ID: 10171]
spam,"Bank Security Alert: Unauthorized transaction of Rs 45,000 detected. Click http://secure-bank-cancel.online immediately to reverse payment. [Ref ID: 10171]"
ham,Your electricity bill of Rs 1450 for A/C 400192839 is due on 25-Aug. Pay via official app. [Ref ID: 10180]
ham,"Hi Priya, sending you my share for dinner yesterday via UPI. Thanks! [Ref ID: 10180]"
ham,Your order #89211 from Amazon has been dispatched. Track your delivery on amazon.in [Ref ID: 10180]
ham,"Dear customer, your monthly SIP of Rs 5000 has been successfully debited. [Ref ID: 10180]"
ham,Recharge of Rs 299 for mobile 9876543210 is successful. Txn ID: 39401827491. [Ref ID: 10180]
ham,Meeting rescheduled to 4 PM today. Let me know if that works. [Ref ID: 10180]
ham,Your OTP for login is 482910. Do not share it with anyone. [Ref ID: 10180]
ham,Payment of Rs 450 received from Amit Sharma via Razorpay. [Ref ID: 10180]
ham,Reminder: Doctor appointment scheduled for tomorrow at 10 AM. [Ref ID: 10180]
ham,Your broadband plan expires in 3 days. Renew at Airtel Thanks App. [Ref ID: 10180]
spam,URGENT: Electricity power line will be disconnected tonight at 9.30pm. Pay overdue bill Rs 8742 immediately at hxxp://elect-pay-bill.top/pay [Ref ID: 10181]
spam,"DEAR CUSTOMER, your account is suspended due to missing KYC. Click http://bank-kyc-update.online to verify immediately or legal action will be taken. [Ref ID: 10181]"
spam,"Congratulations! You won a cash reward of Rs 25,000 from Razorpay Scratch Card. Collect now at http://razorpay-reward-claim.xyz [Ref ID: 10181]"
spam,COURIER ALERT: Parcel #IN-9402 held at customs due to unpaid duty Rs 1499. Pay urgently at http://customs-clearance-pay.com to release parcel. [Ref ID: 10181]
spam,Cyber Crime Notice: Your mobile number is flagged for illegal activities. Pay fine Rs 5000 at http://police-challan-pay.tech to avoid arrest warrant. [Ref ID: 10181]
spam,"Dear User, customer support refund of Rs 4999 is approved. Pay processing fee of Rs 199 at http://refund-support-portal.site to receive funds. [Ref ID: 10181]"
spam,"URGENT: Income tax refund Rs 14,200 pending. Update bank details & pay service tax Rs 850 at http://incometax-refund-gov.in.net [Ref ID: 10181]"
spam,Work from home job offer! Earn Rs 5000 daily by processing simple UPI payments. Register at http://easy-money-pay.top [Ref ID: 10181]
spam,Electricity bill update: Previous payment failed. Pay Rs 3420 within 30 minutes to prevent line cut. Link: http://bill-pay-fast.online [Ref ID: 10181]
spam,"Bank Security Alert: Unauthorized transaction of Rs 45,000 detected. Click http://secure-bank-cancel.online immediately to reverse payment. [Ref ID: 10181]"
ham,Your electricity bill of Rs 1450 for A/C 400192839 is due on 25-Aug. Pay via official app. [Ref ID: 10190]
ham,"Hi Priya, sending you my share for dinner yesterday via UPI. Thanks! [Ref ID: 10190]"
ham,Your order #89211 from Amazon has been dispatched. Track your delivery on amazon.in [Ref ID: 10190]
ham,"Dear customer, your monthly SIP of Rs 5000 has been successfully debited. [Ref ID: 10190]"
ham,Recharge of Rs 299 for mobile 9876543210 is successful. Txn ID: 39401827491. [Ref ID: 10190]
ham,Meeting rescheduled to 4 PM today. Let me know if that works. [Ref ID: 10190]
ham,Your OTP for login is 482910. Do not share it with anyone. [Ref ID: 10190]
ham,Payment of Rs 450 received from Amit Sharma via Razorpay. [Ref ID: 10190]
ham,Reminder: Doctor appointment scheduled for tomorrow at 10 AM. [Ref ID: 10190]
ham,Your broadband plan expires in 3 days. Renew at Airtel Thanks App. [Ref ID: 10190]
spam,URGENT: Electricity power line will be disconnected tonight at 9.30pm. Pay overdue bill Rs 8742 immediately at hxxp://elect-pay-bill.top/pay [Ref ID: 10191]
spam,"DEAR CUSTOMER, your account is suspended due to missing KYC. Click http://bank-kyc-update.online to verify immediately or legal action will be taken. [Ref ID: 10191]"
spam,"Congratulations! You won a cash reward of Rs 25,000 from Razorpay Scratch Card. Collect now at http://razorpay-reward-claim.xyz [Ref ID: 10191]"
spam,COURIER ALERT: Parcel #IN-9402 held at customs due to unpaid duty Rs 1499. Pay urgently at http://customs-clearance-pay.com to release parcel. [Ref ID: 10191]
spam,Cyber Crime Notice: Your mobile number is flagged for illegal activities. Pay fine Rs 5000 at http://police-challan-pay.tech to avoid arrest warrant. [Ref ID: 10191]
spam,"Dear User, customer support refund of Rs 4999 is approved. Pay processing fee of Rs 199 at http://refund-support-portal.site to receive funds. [Ref ID: 10191]"
spam,"URGENT: Income tax refund Rs 14,200 pending. Update bank details & pay service tax Rs 850 at http://incometax-refund-gov.in.net [Ref ID: 10191]"
spam,Work from home job offer! Earn Rs 5000 daily by processing simple UPI payments. Register at http://easy-money-pay.top [Ref ID: 10191]
spam,Electricity bill update: Previous payment failed. Pay Rs 3420 within 30 minutes to prevent line cut. Link: http://bill-pay-fast.online [Ref ID: 10191]
spam,"Bank Security Alert: Unauthorized transaction of Rs 45,000 detected. Click http://secure-bank-cancel.online immediately to reverse payment. [Ref ID: 10191]"
ham,Your electricity bill of Rs 1450 for A/C 400192839 is due on 25-Aug. Pay via official app. [Ref ID: 10200]
ham,"Hi Priya, sending you my share for dinner yesterday via UPI. Thanks! [Ref ID: 10200]"
ham,Your order #89211 from Amazon has been dispatched. Track your delivery on amazon.in [Ref ID: 10200]
ham,"Dear customer, your monthly SIP of Rs 5000 has been successfully debited. [Ref ID: 10200]"
ham,Recharge of Rs 299 for mobile 9876543210 is successful. Txn ID: 39401827491. [Ref ID: 10200]
ham,Meeting rescheduled to 4 PM today. Let me know if that works. [Ref ID: 10200]
ham,Your OTP for login is 482910. Do not share it with anyone. [Ref ID: 10200]
ham,Payment of Rs 450 received from Amit Sharma via Razorpay. [Ref ID: 10200]
ham,Reminder: Doctor appointment scheduled for tomorrow at 10 AM. [Ref ID: 10200]
ham,Your broadband plan expires in 3 days. Renew at Airtel Thanks App. [Ref ID: 10200]
spam,URGENT: Electricity power line will be disconnected tonight at 9.30pm. Pay overdue bill Rs 8742 immediately at hxxp://elect-pay-bill.top/pay [Ref ID: 10201]
spam,"DEAR CUSTOMER, your account is suspended due to missing KYC. Click http://bank-kyc-update.online to verify immediately or legal action will be taken. [Ref ID: 10201]"
spam,"Congratulations! You won a cash reward of Rs 25,000 from Razorpay Scratch Card. Collect now at http://razorpay-reward-claim.xyz [Ref ID: 10201]"
spam,COURIER ALERT: Parcel #IN-9402 held at customs due to unpaid duty Rs 1499. Pay urgently at http://customs-clearance-pay.com to release parcel. [Ref ID: 10201]
spam,Cyber Crime Notice: Your mobile number is flagged for illegal activities. Pay fine Rs 5000 at http://police-challan-pay.tech to avoid arrest warrant. [Ref ID: 10201]
spam,"Dear User, customer support refund of Rs 4999 is approved. Pay processing fee of Rs 199 at http://refund-support-portal.site to receive funds. [Ref ID: 10201]"
spam,"URGENT: Income tax refund Rs 14,200 pending. Update bank details & pay service tax Rs 850 at http://incometax-refund-gov.in.net [Ref ID: 10201]"
spam,Work from home job offer! Earn Rs 5000 daily by processing simple UPI payments. Register at http://easy-money-pay.top [Ref ID: 10201]
spam,Electricity bill update: Previous payment failed. Pay Rs 3420 within 30 minutes to prevent line cut. Link: http://bill-pay-fast.online [Ref ID: 10201]
spam,"Bank Security Alert: Unauthorized transaction of Rs 45,000 detected. Click http://secure-bank-cancel.online immediately to reverse payment. [Ref ID: 10201]"
ham,Your electricity bill of Rs 1450 for A/C 400192839 is due on 25-Aug. Pay via official app. [Ref ID: 10210]
ham,"Hi Priya, sending you my share for dinner yesterday via UPI. Thanks! [Ref ID: 10210]"
ham,Your order #89211 from Amazon has been dispatched. Track your delivery on amazon.in [Ref ID: 10210]
ham,"Dear customer, your monthly SIP of Rs 5000 has been successfully debited. [Ref ID: 10210]"
ham,Recharge of Rs 299 for mobile 9876543210 is successful. Txn ID: 39401827491. [Ref ID: 10210]
ham,Meeting rescheduled to 4 PM today. Let me know if that works. [Ref ID: 10210]
ham,Your OTP for login is 482910. Do not share it with anyone. [Ref ID: 10210]
ham,Payment of Rs 450 received from Amit Sharma via Razorpay. [Ref ID: 10210]
ham,Reminder: Doctor appointment scheduled for tomorrow at 10 AM. [Ref ID: 10210]
ham,Your broadband plan expires in 3 days. Renew at Airtel Thanks App. [Ref ID: 10210]
spam,URGENT: Electricity power line will be disconnected tonight at 9.30pm. Pay overdue bill Rs 8742 immediately at hxxp://elect-pay-bill.top/pay [Ref ID: 10211]
spam,"DEAR CUSTOMER, your account is suspended due to missing KYC. Click http://bank-kyc-update.online to verify immediately or legal action will be taken. [Ref ID: 10211]"
spam,"Congratulations! You won a cash reward of Rs 25,000 from Razorpay Scratch Card. Collect now at http://razorpay-reward-claim.xyz [Ref ID: 10211]"
spam,COURIER ALERT: Parcel #IN-9402 held at customs due to unpaid duty Rs 1499. Pay urgently at http://customs-clearance-pay.com to release parcel. [Ref ID: 10211]
spam,Cyber Crime Notice: Your mobile number is flagged for illegal activities. Pay fine Rs 5000 at http://police-challan-pay.tech to avoid arrest warrant. [Ref ID: 10211]
spam,"Dear User, customer support refund of Rs 4999 is approved. Pay processing fee of Rs 199 at http://refund-support-portal.site to receive funds. [Ref ID: 10211]"
spam,"URGENT: Income tax refund Rs 14,200 pending. Update bank details & pay service tax Rs 850 at http://incometax-refund-gov.in.net [Ref ID: 10211]"
spam,Work from home job offer! Earn Rs 5000 daily by processing simple UPI payments. Register at http://easy-money-pay.top [Ref ID: 10211]
spam,Electricity bill update: Previous payment failed. Pay Rs 3420 within 30 minutes to prevent line cut. Link: http://bill-pay-fast.online [Ref ID: 10211]
spam,"Bank Security Alert: Unauthorized transaction of Rs 45,000 detected. Click http://secure-bank-cancel.online immediately to reverse payment. [Ref ID: 10211]"
ham,Your electricity bill of Rs 1450 for A/C 400192839 is due on 25-Aug. Pay via official app. [Ref ID: 10220]
ham,"Hi Priya, sending you my share for dinner yesterday via UPI. Thanks! [Ref ID: 10220]"
ham,Your order #89211 from Amazon has been dispatched. Track your delivery on amazon.in [Ref ID: 10220]
ham,"Dear customer, your monthly SIP of Rs 5000 has been successfully debited. [Ref ID: 10220]"
ham,Recharge of Rs 299 for mobile 9876543210 is successful. Txn ID: 39401827491. [Ref ID: 10220]
ham,Meeting rescheduled to 4 PM today. Let me know if that works. [Ref ID: 10220]
ham,Your OTP for login is 482910. Do not share it with anyone. [Ref ID: 10220]
ham,Payment of Rs 450 received from Amit Sharma via Razorpay. [Ref ID: 10220]
ham,Reminder: Doctor appointment scheduled for tomorrow at 10 AM. [Ref ID: 10220]
ham,Your broadband plan expires in 3 days. Renew at Airtel Thanks App. [Ref ID: 10220]
spam,URGENT: Electricity power line will be disconnected tonight at 9.30pm. Pay overdue bill Rs 8742 immediately at hxxp://elect-pay-bill.top/pay [Ref ID: 10221]
spam,"DEAR CUSTOMER, your account is suspended due to missing KYC. Click http://bank-kyc-update.online to verify immediately or legal action will be taken. [Ref ID: 10221]"
spam,"Congratulations! You won a cash reward of Rs 25,000 from Razorpay Scratch Card. Collect now at http://razorpay-reward-claim.xyz [Ref ID: 10221]"
spam,COURIER ALERT: Parcel #IN-9402 held at customs due to unpaid duty Rs 1499. Pay urgently at http://customs-clearance-pay.com to release parcel. [Ref ID: 10221]
spam,Cyber Crime Notice: Your mobile number is flagged for illegal activities. Pay fine Rs 5000 at http://police-challan-pay.tech to avoid arrest warrant. [Ref ID: 10221]
spam,"Dear User, customer support refund of Rs 4999 is approved. Pay processing fee of Rs 199 at http://refund-support-portal.site to receive funds. [Ref ID: 10221]"
spam,"URGENT: Income tax refund Rs 14,200 pending. Update bank details & pay service tax Rs 850 at http://incometax-refund-gov.in.net [Ref ID: 10221]"
spam,Work from home job offer! Earn Rs 5000 daily by processing simple UPI payments. Register at http://easy-money-pay.top [Ref ID: 10221]
spam,Electricity bill update: Previous payment failed. Pay Rs 3420 within 30 minutes to prevent line cut. Link: http://bill-pay-fast.online [Ref ID: 10221]
spam,"Bank Security Alert: Unauthorized transaction of Rs 45,000 detected. Click http://secure-bank-cancel.online immediately to reverse payment. [Ref ID: 10221]"
ham,Your electricity bill of Rs 1450 for A/C 400192839 is due on 25-Aug. Pay via official app. [Ref ID: 10230]
ham,"Hi Priya, sending you my share for dinner yesterday via UPI. Thanks! [Ref ID: 10230]"
ham,Your order #89211 from Amazon has been dispatched. Track your delivery on amazon.in [Ref ID: 10230]
ham,"Dear customer, your monthly SIP of Rs 5000 has been successfully debited. [Ref ID: 10230]"
ham,Recharge of Rs 299 for mobile 9876543210 is successful. Txn ID: 39401827491. [Ref ID: 10230]
ham,Meeting rescheduled to 4 PM today. Let me know if that works. [Ref ID: 10230]
ham,Your OTP for login is 482910. Do not share it with anyone. [Ref ID: 10230]
ham,Payment of Rs 450 received from Amit Sharma via Razorpay. [Ref ID: 10230]
ham,Reminder: Doctor appointment scheduled for tomorrow at 10 AM. [Ref ID: 10230]
ham,Your broadband plan expires in 3 days. Renew at Airtel Thanks App. [Ref ID: 10230]
spam,URGENT: Electricity power line will be disconnected tonight at 9.30pm. Pay overdue bill Rs 8742 immediately at hxxp://elect-pay-bill.top/pay [Ref ID: 10231]
spam,"DEAR CUSTOMER, your account is suspended due to missing KYC. Click http://bank-kyc-update.online to verify immediately or legal action will be taken. [Ref ID: 10231]"
spam,"Congratulations! You won a cash reward of Rs 25,000 from Razorpay Scratch Card. Collect now at http://razorpay-reward-claim.xyz [Ref ID: 10231]"
spam,COURIER ALERT: Parcel #IN-9402 held at customs due to unpaid duty Rs 1499. Pay urgently at http://customs-clearance-pay.com to release parcel. [Ref ID: 10231]
spam,Cyber Crime Notice: Your mobile number is flagged for illegal activities. Pay fine Rs 5000 at http://police-challan-pay.tech to avoid arrest warrant. [Ref ID: 10231]
spam,"Dear User, customer support refund of Rs 4999 is approved. Pay processing fee of Rs 199 at http://refund-support-portal.site to receive funds. [Ref ID: 10231]"
spam,"URGENT: Income tax refund Rs 14,200 pending. Update bank details & pay service tax Rs 850 at http://incometax-refund-gov.in.net [Ref ID: 10231]"
spam,Work from home job offer! Earn Rs 5000 daily by processing simple UPI payments. Register at http://easy-money-pay.top [Ref ID: 10231]
spam,Electricity bill update: Previous payment failed. Pay Rs 3420 within 30 minutes to prevent line cut. Link: http://bill-pay-fast.online [Ref ID: 10231]
spam,"Bank Security Alert: Unauthorized transaction of Rs 45,000 detected. Click http://secure-bank-cancel.online immediately to reverse payment. [Ref ID: 10231]"
ham,Your electricity bill of Rs 1450 for A/C 400192839 is due on 25-Aug. Pay via official app. [Ref ID: 10240]
ham,"Hi Priya, sending you my share for dinner yesterday via UPI. Thanks! [Ref ID: 10240]"
ham,Your order #89211 from Amazon has been dispatched. Track your delivery on amazon.in [Ref ID: 10240]
ham,"Dear customer, your monthly SIP of Rs 5000 has been successfully debited. [Ref ID: 10240]"
ham,Recharge of Rs 299 for mobile 9876543210 is successful. Txn ID: 39401827491. [Ref ID: 10240]
ham,Meeting rescheduled to 4 PM today. Let me know if that works. [Ref ID: 10240]
ham,Your OTP for login is 482910. Do not share it with anyone. [Ref ID: 10240]
ham,Payment of Rs 450 received from Amit Sharma via Razorpay. [Ref ID: 10240]
ham,Reminder: Doctor appointment scheduled for tomorrow at 10 AM. [Ref ID: 10240]
ham,Your broadband plan expires in 3 days. Renew at Airtel Thanks App. [Ref ID: 10240]
spam,URGENT: Electricity power line will be disconnected tonight at 9.30pm. Pay overdue bill Rs 8742 immediately at hxxp://elect-pay-bill.top/pay [Ref ID: 10241]
spam,"DEAR CUSTOMER, your account is suspended due to missing KYC. Click http://bank-kyc-update.online to verify immediately or legal action will be taken. [Ref ID: 10241]"
spam,"Congratulations! You won a cash reward of Rs 25,000 from Razorpay Scratch Card. Collect now at http://razorpay-reward-claim.xyz [Ref ID: 10241]"
spam,COURIER ALERT: Parcel #IN-9402 held at customs due to unpaid duty Rs 1499. Pay urgently at http://customs-clearance-pay.com to release parcel. [Ref ID: 10241]
spam,Cyber Crime Notice: Your mobile number is flagged for illegal activities. Pay fine Rs 5000 at http://police-challan-pay.tech to avoid arrest warrant. [Ref ID: 10241]
spam,"Dear User, customer support refund of Rs 4999 is approved. Pay processing fee of Rs 199 at http://refund-support-portal.site to receive funds. [Ref ID: 10241]"
spam,"URGENT: Income tax refund Rs 14,200 pending. Update bank details & pay service tax Rs 850 at http://incometax-refund-gov.in.net [Ref ID: 10241]"
spam,Work from home job offer! Earn Rs 5000 daily by processing simple UPI payments. Register at http://easy-money-pay.top [Ref ID: 10241]
spam,Electricity bill update: Previous payment failed. Pay Rs 3420 within 30 minutes to prevent line cut. Link: http://bill-pay-fast.online [Ref ID: 10241]
spam,"Bank Security Alert: Unauthorized transaction of Rs 45,000 detected. Click http://secure-bank-cancel.online immediately to reverse payment. [Ref ID: 10241]"
ham,Your electricity bill of Rs 1450 for A/C 400192839 is due on 25-Aug. Pay via official app. [Ref ID: 10250]
ham,"Hi Priya, sending you my share for dinner yesterday via UPI. Thanks! [Ref ID: 10250]"
ham,Your order #89211 from Amazon has been dispatched. Track your delivery on amazon.in [Ref ID: 10250]
ham,"Dear customer, your monthly SIP of Rs 5000 has been successfully debited. [Ref ID: 10250]"
ham,Recharge of Rs 299 for mobile 9876543210 is successful. Txn ID: 39401827491. [Ref ID: 10250]
ham,Meeting rescheduled to 4 PM today. Let me know if that works. [Ref ID: 10250]
ham,Your OTP for login is 482910. Do not share it with anyone. [Ref ID: 10250]
ham,Payment of Rs 450 received from Amit Sharma via Razorpay. [Ref ID: 10250]
ham,Reminder: Doctor appointment scheduled for tomorrow at 10 AM. [Ref ID: 10250]
ham,Your broadband plan expires in 3 days. Renew at Airtel Thanks App. [Ref ID: 10250]
spam,URGENT: Electricity power line will be disconnected tonight at 9.30pm. Pay overdue bill Rs 8742 immediately at hxxp://elect-pay-bill.top/pay [Ref ID: 10251]
spam,"DEAR CUSTOMER, your account is suspended due to missing KYC. Click http://bank-kyc-update.online to verify immediately or legal action will be taken. [Ref ID: 10251]"
spam,"Congratulations! You won a cash reward of Rs 25,000 from Razorpay Scratch Card. Collect now at http://razorpay-reward-claim.xyz [Ref ID: 10251]"
spam,COURIER ALERT: Parcel #IN-9402 held at customs due to unpaid duty Rs 1499. Pay urgently at http://customs-clearance-pay.com to release parcel. [Ref ID: 10251]
spam,Cyber Crime Notice: Your mobile number is flagged for illegal activities. Pay fine Rs 5000 at http://police-challan-pay.tech to avoid arrest warrant. [Ref ID: 10251]
spam,"Dear User, customer support refund of Rs 4999 is approved. Pay processing fee of Rs 199 at http://refund-support-portal.site to receive funds. [Ref ID: 10251]"
spam,"URGENT: Income tax refund Rs 14,200 pending. Update bank details & pay service tax Rs 850 at http://incometax-refund-gov.in.net [Ref ID: 10251]"
spam,Work from home job offer! Earn Rs 5000 daily by processing simple UPI payments. Register at http://easy-money-pay.top [Ref ID: 10251]
spam,Electricity bill update: Previous payment failed. Pay Rs 3420 within 30 minutes to prevent line cut. Link: http://bill-pay-fast.online [Ref ID: 10251]
spam,"Bank Security Alert: Unauthorized transaction of Rs 45,000 detected. Click http://secure-bank-cancel.online immediately to reverse payment. [Ref ID: 10251]"
ham,Your electricity bill of Rs 1450 for A/C 400192839 is due on 25-Aug. Pay via official app. [Ref ID: 10260]
ham,"Hi Priya, sending you my share for dinner yesterday via UPI. Thanks! [Ref ID: 10260]"
ham,Your order #89211 from Amazon has been dispatched. Track your delivery on amazon.in [Ref ID: 10260]
ham,"Dear customer, your monthly SIP of Rs 5000 has been successfully debited. [Ref ID: 10260]"
ham,Recharge of Rs 299 for mobile 9876543210 is successful. Txn ID: 39401827491. [Ref ID: 10260]
ham,Meeting rescheduled to 4 PM today. Let me know if that works. [Ref ID: 10260]
ham,Your OTP for login is 482910. Do not share it with anyone. [Ref ID: 10260]
ham,Payment of Rs 450 received from Amit Sharma via Razorpay. [Ref ID: 10260]
ham,Reminder: Doctor appointment scheduled for tomorrow at 10 AM. [Ref ID: 10260]
ham,Your broadband plan expires in 3 days. Renew at Airtel Thanks App. [Ref ID: 10260]
spam,URGENT: Electricity power line will be disconnected tonight at 9.30pm. Pay overdue bill Rs 8742 immediately at hxxp://elect-pay-bill.top/pay [Ref ID: 10261]
spam,"DEAR CUSTOMER, your account is suspended due to missing KYC. Click http://bank-kyc-update.online to verify immediately or legal action will be taken. [Ref ID: 10261]"
spam,"Congratulations! You won a cash reward of Rs 25,000 from Razorpay Scratch Card. Collect now at http://razorpay-reward-claim.xyz [Ref ID: 10261]"
spam,COURIER ALERT: Parcel #IN-9402 held at customs due to unpaid duty Rs 1499. Pay urgently at http://customs-clearance-pay.com to release parcel. [Ref ID: 10261]
spam,Cyber Crime Notice: Your mobile number is flagged for illegal activities. Pay fine Rs 5000 at http://police-challan-pay.tech to avoid arrest warrant. [Ref ID: 10261]
spam,"Dear User, customer support refund of Rs 4999 is approved. Pay processing fee of Rs 199 at http://refund-support-portal.site to receive funds. [Ref ID: 10261]"
spam,"URGENT: Income tax refund Rs 14,200 pending. Update bank details & pay service tax Rs 850 at http://incometax-refund-gov.in.net [Ref ID: 10261]"
spam,Work from home job offer! Earn Rs 5000 daily by processing simple UPI payments. Register at http://easy-money-pay.top [Ref ID: 10261]
spam,Electricity bill update: Previous payment failed. Pay Rs 3420 within 30 minutes to prevent line cut. Link: http://bill-pay-fast.online [Ref ID: 10261]
spam,"Bank Security Alert: Unauthorized transaction of Rs 45,000 detected. Click http://secure-bank-cancel.online immediately to reverse payment. [Ref ID: 10261]"
ham,Your electricity bill of Rs 1450 for A/C 400192839 is due on 25-Aug. Pay via official app. [Ref ID: 10270]
ham,"Hi Priya, sending you my share for dinner yesterday via UPI. Thanks! [Ref ID: 10270]"
ham,Your order #89211 from Amazon has been dispatched. Track your delivery on amazon.in [Ref ID: 10270]
ham,"Dear customer, your monthly SIP of Rs 5000 has been successfully debited. [Ref ID: 10270]"
ham,Recharge of Rs 299 for mobile 9876543210 is successful. Txn ID: 39401827491. [Ref ID: 10270]
ham,Meeting rescheduled to 4 PM today. Let me know if that works. [Ref ID: 10270]
ham,Your OTP for login is 482910. Do not share it with anyone. [Ref ID: 10270]
ham,Payment of Rs 450 received from Amit Sharma via Razorpay. [Ref ID: 10270]
ham,Reminder: Doctor appointment scheduled for tomorrow at 10 AM. [Ref ID: 10270]
ham,Your broadband plan expires in 3 days. Renew at Airtel Thanks App. [Ref ID: 10270]
spam,URGENT: Electricity power line will be disconnected tonight at 9.30pm. Pay overdue bill Rs 8742 immediately at hxxp://elect-pay-bill.top/pay [Ref ID: 10271]
spam,"DEAR CUSTOMER, your account is suspended due to missing KYC. Click http://bank-kyc-update.online to verify immediately or legal action will be taken. [Ref ID: 10271]"
spam,"Congratulations! You won a cash reward of Rs 25,000 from Razorpay Scratch Card. Collect now at http://razorpay-reward-claim.xyz [Ref ID: 10271]"
spam,COURIER ALERT: Parcel #IN-9402 held at customs due to unpaid duty Rs 1499. Pay urgently at http://customs-clearance-pay.com to release parcel. [Ref ID: 10271]
spam,Cyber Crime Notice: Your mobile number is flagged for illegal activities. Pay fine Rs 5000 at http://police-challan-pay.tech to avoid arrest warrant. [Ref ID: 10271]
spam,"Dear User, customer support refund of Rs 4999 is approved. Pay processing fee of Rs 199 at http://refund-support-portal.site to receive funds. [Ref ID: 10271]"
spam,"URGENT: Income tax refund Rs 14,200 pending. Update bank details & pay service tax Rs 850 at http://incometax-refund-gov.in.net [Ref ID: 10271]"
spam,Work from home job offer! Earn Rs 5000 daily by processing simple UPI payments. Register at http://easy-money-pay.top [Ref ID: 10271]
spam,Electricity bill update: Previous payment failed. Pay Rs 3420 within 30 minutes to prevent line cut. Link: http://bill-pay-fast.online [Ref ID: 10271]
spam,"Bank Security Alert: Unauthorized transaction of Rs 45,000 detected. Click http://secure-bank-cancel.online immediately to reverse payment. [Ref ID: 10271]"
ham,Your electricity bill of Rs 1450 for A/C 400192839 is due on 25-Aug. Pay via official app. [Ref ID: 10280]
ham,"Hi Priya, sending you my share for dinner yesterday via UPI. Thanks! [Ref ID: 10280]"
ham,Your order #89211 from Amazon has been dispatched. Track your delivery on amazon.in [Ref ID: 10280]
ham,"Dear customer, your monthly SIP of Rs 5000 has been successfully debited. [Ref ID: 10280]"
ham,Recharge of Rs 299 for mobile 9876543210 is successful. Txn ID: 39401827491. [Ref ID: 10280]
ham,Meeting rescheduled to 4 PM today. Let me know if that works. [Ref ID: 10280]
ham,Your OTP for login is 482910. Do not share it with anyone. [Ref ID: 10280]
ham,Payment of Rs 450 received from Amit Sharma via Razorpay. [Ref ID: 10280]
ham,Reminder: Doctor appointment scheduled for tomorrow at 10 AM. [Ref ID: 10280]
ham,Your broadband plan expires in 3 days. Renew at Airtel Thanks App. [Ref ID: 10280]
spam,URGENT: Electricity power line will be disconnected tonight at 9.30pm. Pay overdue bill Rs 8742 immediately at hxxp://elect-pay-bill.top/pay [Ref ID: 10281]
spam,"DEAR CUSTOMER, your account is suspended due to missing KYC. Click http://bank-kyc-update.online to verify immediately or legal action will be taken. [Ref ID: 10281]"
spam,"Congratulations! You won a cash reward of Rs 25,000 from Razorpay Scratch Card. Collect now at http://razorpay-reward-claim.xyz [Ref ID: 10281]"
spam,COURIER ALERT: Parcel #IN-9402 held at customs due to unpaid duty Rs 1499. Pay urgently at http://customs-clearance-pay.com to release parcel. [Ref ID: 10281]
spam,Cyber Crime Notice: Your mobile number is flagged for illegal activities. Pay fine Rs 5000 at http://police-challan-pay.tech to avoid arrest warrant. [Ref ID: 10281]
spam,"Dear User, customer support refund of Rs 4999 is approved. Pay processing fee of Rs 199 at http://refund-support-portal.site to receive funds. [Ref ID: 10281]"
spam,"URGENT: Income tax refund Rs 14,200 pending. Update bank details & pay service tax Rs 850 at http://incometax-refund-gov.in.net [Ref ID: 10281]"
spam,Work from home job offer! Earn Rs 5000 daily by processing simple UPI payments. Register at http://easy-money-pay.top [Ref ID: 10281]
spam,Electricity bill update: Previous payment failed. Pay Rs 3420 within 30 minutes to prevent line cut. Link: http://bill-pay-fast.online [Ref ID: 10281]
spam,"Bank Security Alert: Unauthorized transaction of Rs 45,000 detected. Click http://secure-bank-cancel.online immediately to reverse payment. [Ref ID: 10281]"
ham,Your electricity bill of Rs 1450 for A/C 400192839 is due on 25-Aug. Pay via official app. [Ref ID: 10290]
ham,"Hi Priya, sending you my share for dinner yesterday via UPI. Thanks! [Ref ID: 10290]"
ham,Your order #89211 from Amazon has been dispatched. Track your delivery on amazon.in [Ref ID: 10290]
ham,"Dear customer, your monthly SIP of Rs 5000 has been successfully debited. [Ref ID: 10290]"
ham,Recharge of Rs 299 for mobile 9876543210 is successful. Txn ID: 39401827491. [Ref ID: 10290]
ham,Meeting rescheduled to 4 PM today. Let me know if that works. [Ref ID: 10290]
ham,Your OTP for login is 482910. Do not share it with anyone. [Ref ID: 10290]
ham,Payment of Rs 450 received from Amit Sharma via Razorpay. [Ref ID: 10290]
ham,Reminder: Doctor appointment scheduled for tomorrow at 10 AM. [Ref ID: 10290]
ham,Your broadband plan expires in 3 days. Renew at Airtel Thanks App. [Ref ID: 10290]
spam,URGENT: Electricity power line will be disconnected tonight at 9.30pm. Pay overdue bill Rs 8742 immediately at hxxp://elect-pay-bill.top/pay [Ref ID: 10291]
spam,"DEAR CUSTOMER, your account is suspended due to missing KYC. Click http://bank-kyc-update.online to verify immediately or legal action will be taken. [Ref ID: 10291]"
spam,"Congratulations! You won a cash reward of Rs 25,000 from Razorpay Scratch Card. Collect now at http://razorpay-reward-claim.xyz [Ref ID: 10291]"
spam,COURIER ALERT: Parcel #IN-9402 held at customs due to unpaid duty Rs 1499. Pay urgently at http://customs-clearance-pay.com to release parcel. [Ref ID: 10291]
spam,Cyber Crime Notice: Your mobile number is flagged for illegal activities. Pay fine Rs 5000 at http://police-challan-pay.tech to avoid arrest warrant. [Ref ID: 10291]
spam,"Dear User, customer support refund of Rs 4999 is approved. Pay processing fee of Rs 199 at http://refund-support-portal.site to receive funds. [Ref ID: 10291]"
spam,"URGENT: Income tax refund Rs 14,200 pending. Update bank details & pay service tax Rs 850 at http://incometax-refund-gov.in.net [Ref ID: 10291]"
spam,Work from home job offer! Earn Rs 5000 daily by processing simple UPI payments. Register at http://easy-money-pay.top [Ref ID: 10291]
spam,Electricity bill update: Previous payment failed. Pay Rs 3420 within 30 minutes to prevent line cut. Link: http://bill-pay-fast.online [Ref ID: 10291]
spam,"Bank Security Alert: Unauthorized transaction of Rs 45,000 detected. Click http://secure-bank-cancel.online immediately to reverse payment. [Ref ID: 10291]"
ham,Your electricity bill of Rs 1450 for A/C 400192839 is due on 25-Aug. Pay via official app. [Ref ID: 10300]
ham,"Hi Priya, sending you my share for dinner yesterday via UPI. Thanks! [Ref ID: 10300]"
ham,Your order #89211 from Amazon has been dispatched. Track your delivery on amazon.in [Ref ID: 10300]
ham,"Dear customer, your monthly SIP of Rs 5000 has been successfully debited. [Ref ID: 10300]"
ham,Recharge of Rs 299 for mobile 9876543210 is successful. Txn ID: 39401827491. [Ref ID: 10300]
ham,Meeting rescheduled to 4 PM today. Let me know if that works. [Ref ID: 10300]
ham,Your OTP for login is 482910. Do not share it with anyone. [Ref ID: 10300]
ham,Payment of Rs 450 received from Amit Sharma via Razorpay. [Ref ID: 10300]
ham,Reminder: Doctor appointment scheduled for tomorrow at 10 AM. [Ref ID: 10300]
ham,Your broadband plan expires in 3 days. Renew at Airtel Thanks App. [Ref ID: 10300]
spam,URGENT: Electricity power line will be disconnected tonight at 9.30pm. Pay overdue bill Rs 8742 immediately at hxxp://elect-pay-bill.top/pay [Ref ID: 10301]
spam,"DEAR CUSTOMER, your account is suspended due to missing KYC. Click http://bank-kyc-update.online to verify immediately or legal action will be taken. [Ref ID: 10301]"
spam,"Congratulations! You won a cash reward of Rs 25,000 from Razorpay Scratch Card. Collect now at http://razorpay-reward-claim.xyz [Ref ID: 10301]"
spam,COURIER ALERT: Parcel #IN-9402 held at customs due to unpaid duty Rs 1499. Pay urgently at http://customs-clearance-pay.com to release parcel. [Ref ID: 10301]
spam,Cyber Crime Notice: Your mobile number is flagged for illegal activities. Pay fine Rs 5000 at http://police-challan-pay.tech to avoid arrest warrant. [Ref ID: 10301]
spam,"Dear User, customer support refund of Rs 4999 is approved. Pay processing fee of Rs 199 at http://refund-support-portal.site to receive funds. [Ref ID: 10301]"
spam,"URGENT: Income tax refund Rs 14,200 pending. Update bank details & pay service tax Rs 850 at http://incometax-refund-gov.in.net [Ref ID: 10301]"
spam,Work from home job offer! Earn Rs 5000 daily by processing simple UPI payments. Register at http://easy-money-pay.top [Ref ID: 10301]
spam,Electricity bill update: Previous payment failed. Pay Rs 3420 within 30 minutes to prevent line cut. Link: http://bill-pay-fast.online [Ref ID: 10301]
spam,"Bank Security Alert: Unauthorized transaction of Rs 45,000 detected. Click http://secure-bank-cancel.online immediately to reverse payment. [Ref ID: 10301]"
ham,Your electricity bill of Rs 1450 for A/C 400192839 is due on 25-Aug. Pay via official app. [Ref ID: 10310]
ham,"Hi Priya, sending you my share for dinner yesterday via UPI. Thanks! [Ref ID: 10310]"
ham,Your order #89211 from Amazon has been dispatched. Track your delivery on amazon.in [Ref ID: 10310]
ham,"Dear customer, your monthly SIP of Rs 5000 has been successfully debited. [Ref ID: 10310]"
ham,Recharge of Rs 299 for mobile 9876543210 is successful. Txn ID: 39401827491. [Ref ID: 10310]
ham,Meeting rescheduled to 4 PM today. Let me know if that works. [Ref ID: 10310]
ham,Your OTP for login is 482910. Do not share it with anyone. [Ref ID: 10310]
ham,Payment of Rs 450 received from Amit Sharma via Razorpay. [Ref ID: 10310]
ham,Reminder: Doctor appointment scheduled for tomorrow at 10 AM. [Ref ID: 10310]
ham,Your broadband plan expires in 3 days. Renew at Airtel Thanks App. [Ref ID: 10310]
spam,URGENT: Electricity power line will be disconnected tonight at 9.30pm. Pay overdue bill Rs 8742 immediately at hxxp://elect-pay-bill.top/pay [Ref ID: 10311]
spam,"DEAR CUSTOMER, your account is suspended due to missing KYC. Click http://bank-kyc-update.online to verify immediately or legal action will be taken. [Ref ID: 10311]"
spam,"Congratulations! You won a cash reward of Rs 25,000 from Razorpay Scratch Card. Collect now at http://razorpay-reward-claim.xyz [Ref ID: 10311]"
spam,COURIER ALERT: Parcel #IN-9402 held at customs due to unpaid duty Rs 1499. Pay urgently at http://customs-clearance-pay.com to release parcel. [Ref ID: 10311]
spam,Cyber Crime Notice: Your mobile number is flagged for illegal activities. Pay fine Rs 5000 at http://police-challan-pay.tech to avoid arrest warrant. [Ref ID: 10311]
spam,"Dear User, customer support refund of Rs 4999 is approved. Pay processing fee of Rs 199 at http://refund-support-portal.site to receive funds. [Ref ID: 10311]"
spam,"URGENT: Income tax refund Rs 14,200 pending. Update bank details & pay service tax Rs 850 at http://incometax-refund-gov.in.net [Ref ID: 10311]"
spam,Work from home job offer! Earn Rs 5000 daily by processing simple UPI payments. Register at http://easy-money-pay.top [Ref ID: 10311]
spam,Electricity bill update: Previous payment failed. Pay Rs 3420 within 30 minutes to prevent line cut. Link: http://bill-pay-fast.online [Ref ID: 10311]
spam,"Bank Security Alert: Unauthorized transaction of Rs 45,000 detected. Click http://secure-bank-cancel.online immediately to reverse payment. [Ref ID: 10311]"
ham,Your electricity bill of Rs 1450 for A/C 400192839 is due on 25-Aug. Pay via official app. [Ref ID: 10320]
ham,"Hi Priya, sending you my share for dinner yesterday via UPI. Thanks! [Ref ID: 10320]"
ham,Your order #89211 from Amazon has been dispatched. Track your delivery on amazon.in [Ref ID: 10320]
ham,"Dear customer, your monthly SIP of Rs 5000 has been successfully debited. [Ref ID: 10320]"
ham,Recharge of Rs 299 for mobile 9876543210 is successful. Txn ID: 39401827491. [Ref ID: 10320]
ham,Meeting rescheduled to 4 PM today. Let me know if that works. [Ref ID: 10320]
ham,Your OTP for login is 482910. Do not share it with anyone. [Ref ID: 10320]
ham,Payment of Rs 450 received from Amit Sharma via Razorpay. [Ref ID: 10320]
ham,Reminder: Doctor appointment scheduled for tomorrow at 10 AM. [Ref ID: 10320]
ham,Your broadband plan expires in 3 days. Renew at Airtel Thanks App. [Ref ID: 10320]
spam,URGENT: Electricity power line will be disconnected tonight at 9.30pm. Pay overdue bill Rs 8742 immediately at hxxp://elect-pay-bill.top/pay [Ref ID: 10321]
spam,"DEAR CUSTOMER, your account is suspended due to missing KYC. Click http://bank-kyc-update.online to verify immediately or legal action will be taken. [Ref ID: 10321]"
spam,"Congratulations! You won a cash reward of Rs 25,000 from Razorpay Scratch Card. Collect now at http://razorpay-reward-claim.xyz [Ref ID: 10321]"
spam,COURIER ALERT: Parcel #IN-9402 held at customs due to unpaid duty Rs 1499. Pay urgently at http://customs-clearance-pay.com to release parcel. [Ref ID: 10321]
spam,Cyber Crime Notice: Your mobile number is flagged for illegal activities. Pay fine Rs 5000 at http://police-challan-pay.tech to avoid arrest warrant. [Ref ID: 10321]
spam,"Dear User, customer support refund of Rs 4999 is approved. Pay processing fee of Rs 199 at http://refund-support-portal.site to receive funds. [Ref ID: 10321]"
spam,"URGENT: Income tax refund Rs 14,200 pending. Update bank details & pay service tax Rs 850 at http://incometax-refund-gov.in.net [Ref ID: 10321]"
spam,Work from home job offer! Earn Rs 5000 daily by processing simple UPI payments. Register at http://easy-money-pay.top [Ref ID: 10321]
spam,Electricity bill update: Previous payment failed. Pay Rs 3420 within 30 minutes to prevent line cut. Link: http://bill-pay-fast.online [Ref ID: 10321]
spam,"Bank Security Alert: Unauthorized transaction of Rs 45,000 detected. Click http://secure-bank-cancel.online immediately to reverse payment. [Ref ID: 10321]"
ham,Your electricity bill of Rs 1450 for A/C 400192839 is due on 25-Aug. Pay via official app. [Ref ID: 10330]
ham,"Hi Priya, sending you my share for dinner yesterday via UPI. Thanks! [Ref ID: 10330]"
ham,Your order #89211 from Amazon has been dispatched. Track your delivery on amazon.in [Ref ID: 10330]
ham,"Dear customer, your monthly SIP of Rs 5000 has been successfully debited. [Ref ID: 10330]"
ham,Recharge of Rs 299 for mobile 9876543210 is successful. Txn ID: 39401827491. [Ref ID: 10330]
ham,Meeting rescheduled to 4 PM today. Let me know if that works. [Ref ID: 10330]
ham,Your OTP for login is 482910. Do not share it with anyone. [Ref ID: 10330]
ham,Payment of Rs 450 received from Amit Sharma via Razorpay. [Ref ID: 10330]
ham,Reminder: Doctor appointment scheduled for tomorrow at 10 AM. [Ref ID: 10330]
ham,Your broadband plan expires in 3 days. Renew at Airtel Thanks App. [Ref ID: 10330]
spam,URGENT: Electricity power line will be disconnected tonight at 9.30pm. Pay overdue bill Rs 8742 immediately at hxxp://elect-pay-bill.top/pay [Ref ID: 10331]
spam,"DEAR CUSTOMER, your account is suspended due to missing KYC. Click http://bank-kyc-update.online to verify immediately or legal action will be taken. [Ref ID: 10331]"
spam,"Congratulations! You won a cash reward of Rs 25,000 from Razorpay Scratch Card. Collect now at http://razorpay-reward-claim.xyz [Ref ID: 10331]"
spam,COURIER ALERT: Parcel #IN-9402 held at customs due to unpaid duty Rs 1499. Pay urgently at http://customs-clearance-pay.com to release parcel. [Ref ID: 10331]
spam,Cyber Crime Notice: Your mobile number is flagged for illegal activities. Pay fine Rs 5000 at http://police-challan-pay.tech to avoid arrest warrant. [Ref ID: 10331]
spam,"Dear User, customer support refund of Rs 4999 is approved. Pay processing fee of Rs 199 at http://refund-support-portal.site to receive funds. [Ref ID: 10331]"
spam,"URGENT: Income tax refund Rs 14,200 pending. Update bank details & pay service tax Rs 850 at http://incometax-refund-gov.in.net [Ref ID: 10331]"
spam,Work from home job offer! Earn Rs 5000 daily by processing simple UPI payments. Register at http://easy-money-pay.top [Ref ID: 10331]
spam,Electricity bill update: Previous payment failed. Pay Rs 3420 within 30 minutes to prevent line cut. Link: http://bill-pay-fast.online [Ref ID: 10331]
spam,"Bank Security Alert: Unauthorized transaction of Rs 45,000 detected. Click http://secure-bank-cancel.online immediately to reverse payment. [Ref ID: 10331]"
ham,Your electricity bill of Rs 1450 for A/C 400192839 is due on 25-Aug. Pay via official app. [Ref ID: 10340]
ham,"Hi Priya, sending you my share for dinner yesterday via UPI. Thanks! [Ref ID: 10340]"
ham,Your order #89211 from Amazon has been dispatched. Track your delivery on amazon.in [Ref ID: 10340]
ham,"Dear customer, your monthly SIP of Rs 5000 has been successfully debited. [Ref ID: 10340]"
ham,Recharge of Rs 299 for mobile 9876543210 is successful. Txn ID: 39401827491. [Ref ID: 10340]
ham,Meeting rescheduled to 4 PM today. Let me know if that works. [Ref ID: 10340]
ham,Your OTP for login is 482910. Do not share it with anyone. [Ref ID: 10340]
ham,Payment of Rs 450 received from Amit Sharma via Razorpay. [Ref ID: 10340]
ham,Reminder: Doctor appointment scheduled for tomorrow at 10 AM. [Ref ID: 10340]
ham,Your broadband plan expires in 3 days. Renew at Airtel Thanks App. [Ref ID: 10340]
spam,URGENT: Electricity power line will be disconnected tonight at 9.30pm. Pay overdue bill Rs 8742 immediately at hxxp://elect-pay-bill.top/pay [Ref ID: 10341]
spam,"DEAR CUSTOMER, your account is suspended due to missing KYC. Click http://bank-kyc-update.online to verify immediately or legal action will be taken. [Ref ID: 10341]"
spam,"Congratulations! You won a cash reward of Rs 25,000 from Razorpay Scratch Card. Collect now at http://razorpay-reward-claim.xyz [Ref ID: 10341]"
spam,COURIER ALERT: Parcel #IN-9402 held at customs due to unpaid duty Rs 1499. Pay urgently at http://customs-clearance-pay.com to release parcel. [Ref ID: 10341]
spam,Cyber Crime Notice: Your mobile number is flagged for illegal activities. Pay fine Rs 5000 at http://police-challan-pay.tech to avoid arrest warrant. [Ref ID: 10341]
spam,"Dear User, customer support refund of Rs 4999 is approved. Pay processing fee of Rs 199 at http://refund-support-portal.site to receive funds. [Ref ID: 10341]"
spam,"URGENT: Income tax refund Rs 14,200 pending. Update bank details & pay service tax Rs 850 at http://incometax-refund-gov.in.net [Ref ID: 10341]"
spam,Work from home job offer! Earn Rs 5000 daily by processing simple UPI payments. Register at http://easy-money-pay.top [Ref ID: 10341]
spam,Electricity bill update: Previous payment failed. Pay Rs 3420 within 30 minutes to prevent line cut. Link: http://bill-pay-fast.online [Ref ID: 10341]
spam,"Bank Security Alert: Unauthorized transaction of Rs 45,000 detected. Click http://secure-bank-cancel.online immediately to reverse payment. [Ref ID: 10341]"
ham,Your electricity bill of Rs 1450 for A/C 400192839 is due on 25-Aug. Pay via official app. [Ref ID: 10350]
ham,"Hi Priya, sending you my share for dinner yesterday via UPI. Thanks! [Ref ID: 10350]"
ham,Your order #89211 from Amazon has been dispatched. Track your delivery on amazon.in [Ref ID: 10350]
ham,"Dear customer, your monthly SIP of Rs 5000 has been successfully debited. [Ref ID: 10350]"
ham,Recharge of Rs 299 for mobile 9876543210 is successful. Txn ID: 39401827491. [Ref ID: 10350]
ham,Meeting rescheduled to 4 PM today. Let me know if that works. [Ref ID: 10350]
ham,Your OTP for login is 482910. Do not share it with anyone. [Ref ID: 10350]
ham,Payment of Rs 450 received from Amit Sharma via Razorpay. [Ref ID: 10350]
ham,Reminder: Doctor appointment scheduled for tomorrow at 10 AM. [Ref ID: 10350]
ham,Your broadband plan expires in 3 days. Renew at Airtel Thanks App. [Ref ID: 10350]
spam,URGENT: Electricity power line will be disconnected tonight at 9.30pm. Pay overdue bill Rs 8742 immediately at hxxp://elect-pay-bill.top/pay [Ref ID: 10351]
spam,"DEAR CUSTOMER, your account is suspended due to missing KYC. Click http://bank-kyc-update.online to verify immediately or legal action will be taken. [Ref ID: 10351]"
spam,"Congratulations! You won a cash reward of Rs 25,000 from Razorpay Scratch Card. Collect now at http://razorpay-reward-claim.xyz [Ref ID: 10351]"
spam,COURIER ALERT: Parcel #IN-9402 held at customs due to unpaid duty Rs 1499. Pay urgently at http://customs-clearance-pay.com to release parcel. [Ref ID: 10351]
spam,Cyber Crime Notice: Your mobile number is flagged for illegal activities. Pay fine Rs 5000 at http://police-challan-pay.tech to avoid arrest warrant. [Ref ID: 10351]
spam,"Dear User, customer support refund of Rs 4999 is approved. Pay processing fee of Rs 199 at http://refund-support-portal.site to receive funds. [Ref ID: 10351]"
spam,"URGENT: Income tax refund Rs 14,200 pending. Update bank details & pay service tax Rs 850 at http://incometax-refund-gov.in.net [Ref ID: 10351]"
spam,Work from home job offer! Earn Rs 5000 daily by processing simple UPI payments. Register at http://easy-money-pay.top [Ref ID: 10351]
spam,Electricity bill update: Previous payment failed. Pay Rs 3420 within 30 minutes to prevent line cut. Link: http://bill-pay-fast.online [Ref ID: 10351]
spam,"Bank Security Alert: Unauthorized transaction of Rs 45,000 detected. Click http://secure-bank-cancel.online immediately to reverse payment. [Ref ID: 10351]"
ham,Your electricity bill of Rs 1450 for A/C 400192839 is due on 25-Aug. Pay via official app. [Ref ID: 10360]
ham,"Hi Priya, sending you my share for dinner yesterday via UPI. Thanks! [Ref ID: 10360]"
ham,Your order #89211 from Amazon has been dispatched. Track your delivery on amazon.in [Ref ID: 10360]
ham,"Dear customer, your monthly SIP of Rs 5000 has been successfully debited. [Ref ID: 10360]"
ham,Recharge of Rs 299 for mobile 9876543210 is successful. Txn ID: 39401827491. [Ref ID: 10360]
ham,Meeting rescheduled to 4 PM today. Let me know if that works. [Ref ID: 10360]
ham,Your OTP for login is 482910. Do not share it with anyone. [Ref ID: 10360]
ham,Payment of Rs 450 received from Amit Sharma via Razorpay. [Ref ID: 10360]
ham,Reminder: Doctor appointment scheduled for tomorrow at 10 AM. [Ref ID: 10360]
ham,Your broadband plan expires in 3 days. Renew at Airtel Thanks App. [Ref ID: 10360]
spam,URGENT: Electricity power line will be disconnected tonight at 9.30pm. Pay overdue bill Rs 8742 immediately at hxxp://elect-pay-bill.top/pay [Ref ID: 10361]
spam,"DEAR CUSTOMER, your account is suspended due to missing KYC. Click http://bank-kyc-update.online to verify immediately or legal action will be taken. [Ref ID: 10361]"
spam,"Congratulations! You won a cash reward of Rs 25,000 from Razorpay Scratch Card. Collect now at http://razorpay-reward-claim.xyz [Ref ID: 10361]"
spam,COURIER ALERT: Parcel #IN-9402 held at customs due to unpaid duty Rs 1499. Pay urgently at http://customs-clearance-pay.com to release parcel. [Ref ID: 10361]
spam,Cyber Crime Notice: Your mobile number is flagged for illegal activities. Pay fine Rs 5000 at http://police-challan-pay.tech to avoid arrest warrant. [Ref ID: 10361]
spam,"Dear User, customer support refund of Rs 4999 is approved. Pay processing fee of Rs 199 at http://refund-support-portal.site to receive funds. [Ref ID: 10361]"
spam,"URGENT: Income tax refund Rs 14,200 pending. Update bank details & pay service tax Rs 850 at http://incometax-refund-gov.in.net [Ref ID: 10361]"
spam,Work from home job offer! Earn Rs 5000 daily by processing simple UPI payments. Register at http://easy-money-pay.top [Ref ID: 10361]
spam,Electricity bill update: Previous payment failed. Pay Rs 3420 within 30 minutes to prevent line cut. Link: http://bill-pay-fast.online [Ref ID: 10361]
spam,"Bank Security Alert: Unauthorized transaction of Rs 45,000 detected. Click http://secure-bank-cancel.online immediately to reverse payment. [Ref ID: 10361]"
ham,Your electricity bill of Rs 1450 for A/C 400192839 is due on 25-Aug. Pay via official app. [Ref ID: 10370]
ham,"Hi Priya, sending you my share for dinner yesterday via UPI. Thanks! [Ref ID: 10370]"
ham,Your order #89211 from Amazon has been dispatched. Track your delivery on amazon.in [Ref ID: 10370]
ham,"Dear customer, your monthly SIP of Rs 5000 has been successfully debited. [Ref ID: 10370]"
ham,Recharge of Rs 299 for mobile 9876543210 is successful. Txn ID: 39401827491. [Ref ID: 10370]
ham,Meeting rescheduled to 4 PM today. Let me know if that works. [Ref ID: 10370]
ham,Your OTP for login is 482910. Do not share it with anyone. [Ref ID: 10370]
ham,Payment of Rs 450 received from Amit Sharma via Razorpay. [Ref ID: 10370]
ham,Reminder: Doctor appointment scheduled for tomorrow at 10 AM. [Ref ID: 10370]
ham,Your broadband plan expires in 3 days. Renew at Airtel Thanks App. [Ref ID: 10370]
spam,URGENT: Electricity power line will be disconnected tonight at 9.30pm. Pay overdue bill Rs 8742 immediately at hxxp://elect-pay-bill.top/pay [Ref ID: 10371]
spam,"DEAR CUSTOMER, your account is suspended due to missing KYC. Click http://bank-kyc-update.online to verify immediately or legal action will be taken. [Ref ID: 10371]"
spam,"Congratulations! You won a cash reward of Rs 25,000 from Razorpay Scratch Card. Collect now at http://razorpay-reward-claim.xyz [Ref ID: 10371]"
spam,COURIER ALERT: Parcel #IN-9402 held at customs due to unpaid duty Rs 1499. Pay urgently at http://customs-clearance-pay.com to release parcel. [Ref ID: 10371]
spam,Cyber Crime Notice: Your mobile number is flagged for illegal activities. Pay fine Rs 5000 at http://police-challan-pay.tech to avoid arrest warrant. [Ref ID: 10371]
spam,"Dear User, customer support refund of Rs 4999 is approved. Pay processing fee of Rs 199 at http://refund-support-portal.site to receive funds. [Ref ID: 10371]"
spam,"URGENT: Income tax refund Rs 14,200 pending. Update bank details & pay service tax Rs 850 at http://incometax-refund-gov.in.net [Ref ID: 10371]"
spam,Work from home job offer! Earn Rs 5000 daily by processing simple UPI payments. Register at http://easy-money-pay.top [Ref ID: 10371]
spam,Electricity bill update: Previous payment failed. Pay Rs 3420 within 30 minutes to prevent line cut. Link: http://bill-pay-fast.online [Ref ID: 10371]
spam,"Bank Security Alert: Unauthorized transaction of Rs 45,000 detected. Click http://secure-bank-cancel.online immediately to reverse payment. [Ref ID: 10371]"
ham,Your electricity bill of Rs 1450 for A/C 400192839 is due on 25-Aug. Pay via official app. [Ref ID: 10380]
ham,"Hi Priya, sending you my share for dinner yesterday via UPI. Thanks! [Ref ID: 10380]"
ham,Your order #89211 from Amazon has been dispatched. Track your delivery on amazon.in [Ref ID: 10380]
ham,"Dear customer, your monthly SIP of Rs 5000 has been successfully debited. [Ref ID: 10380]"
ham,Recharge of Rs 299 for mobile 9876543210 is successful. Txn ID: 39401827491. [Ref ID: 10380]
ham,Meeting rescheduled to 4 PM today. Let me know if that works. [Ref ID: 10380]
ham,Your OTP for login is 482910. Do not share it with anyone. [Ref ID: 10380]
ham,Payment of Rs 450 received from Amit Sharma via Razorpay. [Ref ID: 10380]
ham,Reminder: Doctor appointment scheduled for tomorrow at 10 AM. [Ref ID: 10380]
ham,Your broadband plan expires in 3 days. Renew at Airtel Thanks App. [Ref ID: 10380]
spam,URGENT: Electricity power line will be disconnected tonight at 9.30pm. Pay overdue bill Rs 8742 immediately at hxxp://elect-pay-bill.top/pay [Ref ID: 10381]
spam,"DEAR CUSTOMER, your account is suspended due to missing KYC. Click http://bank-kyc-update.online to verify immediately or legal action will be taken. [Ref ID: 10381]"
spam,"Congratulations! You won a cash reward of Rs 25,000 from Razorpay Scratch Card. Collect now at http://razorpay-reward-claim.xyz [Ref ID: 10381]"
spam,COURIER ALERT: Parcel #IN-9402 held at customs due to unpaid duty Rs 1499. Pay urgently at http://customs-clearance-pay.com to release parcel. [Ref ID: 10381]
spam,Cyber Crime Notice: Your mobile number is flagged for illegal activities. Pay fine Rs 5000 at http://police-challan-pay.tech to avoid arrest warrant. [Ref ID: 10381]
spam,"Dear User, customer support refund of Rs 4999 is approved. Pay processing fee of Rs 199 at http://refund-support-portal.site to receive funds. [Ref ID: 10381]"
spam,"URGENT: Income tax refund Rs 14,200 pending. Update bank details & pay service tax Rs 850 at http://incometax-refund-gov.in.net [Ref ID: 10381]"
spam,Work from home job offer! Earn Rs 5000 daily by processing simple UPI payments. Register at http://easy-money-pay.top [Ref ID: 10381]
spam,Electricity bill update: Previous payment failed. Pay Rs 3420 within 30 minutes to prevent line cut. Link: http://bill-pay-fast.online [Ref ID: 10381]
spam,"Bank Security Alert: Unauthorized transaction of Rs 45,000 detected. Click http://secure-bank-cancel.online immediately to reverse payment. [Ref ID: 10381]"
ham,Your electricity bill of Rs 1450 for A/C 400192839 is due on 25-Aug. Pay via official app. [Ref ID: 10390]
ham,"Hi Priya, sending you my share for dinner yesterday via UPI. Thanks! [Ref ID: 10390]"
ham,Your order #89211 from Amazon has been dispatched. Track your delivery on amazon.in [Ref ID: 10390]
ham,"Dear customer, your monthly SIP of Rs 5000 has been successfully debited. [Ref ID: 10390]"
ham,Recharge of Rs 299 for mobile 9876543210 is successful. Txn ID: 39401827491. [Ref ID: 10390]
ham,Meeting rescheduled to 4 PM today. Let me know if that works. [Ref ID: 10390]
ham,Your OTP for login is 482910. Do not share it with anyone. [Ref ID: 10390]
ham,Payment of Rs 450 received from Amit Sharma via Razorpay. [Ref ID: 10390]
ham,Reminder: Doctor appointment scheduled for tomorrow at 10 AM. [Ref ID: 10390]
ham,Your broadband plan expires in 3 days. Renew at Airtel Thanks App. [Ref ID: 10390]
spam,URGENT: Electricity power line will be disconnected tonight at 9.30pm. Pay overdue bill Rs 8742 immediately at hxxp://elect-pay-bill.top/pay [Ref ID: 10391]
spam,"DEAR CUSTOMER, your account is suspended due to missing KYC. Click http://bank-kyc-update.online to verify immediately or legal action will be taken. [Ref ID: 10391]"
spam,"Congratulations! You won a cash reward of Rs 25,000 from Razorpay Scratch Card. Collect now at http://razorpay-reward-claim.xyz [Ref ID: 10391]"
spam,COURIER ALERT: Parcel #IN-9402 held at customs due to unpaid duty Rs 1499. Pay urgently at http://customs-clearance-pay.com to release parcel. [Ref ID: 10391]
spam,Cyber Crime Notice: Your mobile number is flagged for illegal activities. Pay fine Rs 5000 at http://police-challan-pay.tech to avoid arrest warrant. [Ref ID: 10391]
spam,"Dear User, customer support refund of Rs 4999 is approved. Pay processing fee of Rs 199 at http://refund-support-portal.site to receive funds. [Ref ID: 10391]"
spam,"URGENT: Income tax refund Rs 14,200 pending. Update bank details & pay service tax Rs 850 at http://incometax-refund-gov.in.net [Ref ID: 10391]"
spam,Work from home job offer! Earn Rs 5000 daily by processing simple UPI payments. Register at http://easy-money-pay.top [Ref ID: 10391]
spam,Electricity bill update: Previous payment failed. Pay Rs 3420 within 30 minutes to prevent line cut. Link: http://bill-pay-fast.online [Ref ID: 10391]
spam,"Bank Security Alert: Unauthorized transaction of Rs 45,000 detected. Click http://secure-bank-cancel.online immediately to reverse payment. [Ref ID: 10391]"
ham,Your electricity bill of Rs 1450 for A/C 400192839 is due on 25-Aug. Pay via official app. [Ref ID: 10400]
ham,"Hi Priya, sending you my share for dinner yesterday via UPI. Thanks! [Ref ID: 10400]"
ham,Your order #89211 from Amazon has been dispatched. Track your delivery on amazon.in [Ref ID: 10400]
ham,"Dear customer, your monthly SIP of Rs 5000 has been successfully debited. [Ref ID: 10400]"
ham,Recharge of Rs 299 for mobile 9876543210 is successful. Txn ID: 39401827491. [Ref ID: 10400]
ham,Meeting rescheduled to 4 PM today. Let me know if that works. [Ref ID: 10400]
ham,Your OTP for login is 482910. Do not share it with anyone. [Ref ID: 10400]
ham,Payment of Rs 450 received from Amit Sharma via Razorpay. [Ref ID: 10400]
ham,Reminder: Doctor appointment scheduled for tomorrow at 10 AM. [Ref ID: 10400]
ham,Your broadband plan expires in 3 days. Renew at Airtel Thanks App. [Ref ID: 10400]
spam,URGENT: Electricity power line will be disconnected tonight at 9.30pm. Pay overdue bill Rs 8742 immediately at hxxp://elect-pay-bill.top/pay [Ref ID: 10401]
spam,"DEAR CUSTOMER, your account is suspended due to missing KYC. Click http://bank-kyc-update.online to verify immediately or legal action will be taken. [Ref ID: 10401]"
spam,"Congratulations! You won a cash reward of Rs 25,000 from Razorpay Scratch Card. Collect now at http://razorpay-reward-claim.xyz [Ref ID: 10401]"
spam,COURIER ALERT: Parcel #IN-9402 held at customs due to unpaid duty Rs 1499. Pay urgently at http://customs-clearance-pay.com to release parcel. [Ref ID: 10401]
spam,Cyber Crime Notice: Your mobile number is flagged for illegal activities. Pay fine Rs 5000 at http://police-challan-pay.tech to avoid arrest warrant. [Ref ID: 10401]
spam,"Dear User, customer support refund of Rs 4999 is approved. Pay processing fee of Rs 199 at http://refund-support-portal.site to receive funds. [Ref ID: 10401]"
spam,"URGENT: Income tax refund Rs 14,200 pending. Update bank details & pay service tax Rs 850 at http://incometax-refund-gov.in.net [Ref ID: 10401]"
spam,Work from home job offer! Earn Rs 5000 daily by processing simple UPI payments. Register at http://easy-money-pay.top [Ref ID: 10401]
spam,Electricity bill update: Previous payment failed. Pay Rs 3420 within 30 minutes to prevent line cut. Link: http://bill-pay-fast.online [Ref ID: 10401]
spam,"Bank Security Alert: Unauthorized transaction of Rs 45,000 detected. Click http://secure-bank-cancel.online immediately to reverse payment. [Ref ID: 10401]"
ham,Your electricity bill of Rs 1450 for A/C 400192839 is due on 25-Aug. Pay via official app. [Ref ID: 10410]
ham,"Hi Priya, sending you my share for dinner yesterday via UPI. Thanks! [Ref ID: 10410]"
ham,Your order #89211 from Amazon has been dispatched. Track your delivery on amazon.in [Ref ID: 10410]
ham,"Dear customer, your monthly SIP of Rs 5000 has been successfully debited. [Ref ID: 10410]"
ham,Recharge of Rs 299 for mobile 9876543210 is successful. Txn ID: 39401827491. [Ref ID: 10410]
ham,Meeting rescheduled to 4 PM today. Let me know if that works. [Ref ID: 10410]
ham,Your OTP for login is 482910. Do not share it with anyone. [Ref ID: 10410]
ham,Payment of Rs 450 received from Amit Sharma via Razorpay. [Ref ID: 10410]
ham,Reminder: Doctor appointment scheduled for tomorrow at 10 AM. [Ref ID: 10410]
ham,Your broadband plan expires in 3 days. Renew at Airtel Thanks App. [Ref ID: 10410]
spam,URGENT: Electricity power line will be disconnected tonight at 9.30pm. Pay overdue bill Rs 8742 immediately at hxxp://elect-pay-bill.top/pay [Ref ID: 10411]
spam,"DEAR CUSTOMER, your account is suspended due to missing KYC. Click http://bank-kyc-update.online to verify immediately or legal action will be taken. [Ref ID: 10411]"
spam,"Congratulations! You won a cash reward of Rs 25,000 from Razorpay Scratch Card. Collect now at http://razorpay-reward-claim.xyz [Ref ID: 10411]"
spam,COURIER ALERT: Parcel #IN-9402 held at customs due to unpaid duty Rs 1499. Pay urgently at http://customs-clearance-pay.com to release parcel. [Ref ID: 10411]
spam,Cyber Crime Notice: Your mobile number is flagged for illegal activities. Pay fine Rs 5000 at http://police-challan-pay.tech to avoid arrest warrant. [Ref ID: 10411]
spam,"Dear User, customer support refund of Rs 4999 is approved. Pay processing fee of Rs 199 at http://refund-support-portal.site to receive funds. [Ref ID: 10411]"
spam,"URGENT: Income tax refund Rs 14,200 pending. Update bank details & pay service tax Rs 850 at http://incometax-refund-gov.in.net [Ref ID: 10411]"
spam,Work from home job offer! Earn Rs 5000 daily by processing simple UPI payments. Register at http://easy-money-pay.top [Ref ID: 10411]
spam,Electricity bill update: Previous payment failed. Pay Rs 3420 within 30 minutes to prevent line cut. Link: http://bill-pay-fast.online [Ref ID: 10411]
spam,"Bank Security Alert: Unauthorized transaction of Rs 45,000 detected. Click http://secure-bank-cancel.online immediately to reverse payment. [Ref ID: 10411]"
ham,Your electricity bill of Rs 1450 for A/C 400192839 is due on 25-Aug. Pay via official app. [Ref ID: 10420]
ham,"Hi Priya, sending you my share for dinner yesterday via UPI. Thanks! [Ref ID: 10420]"
ham,Your order #89211 from Amazon has been dispatched. Track your delivery on amazon.in [Ref ID: 10420]
ham,"Dear customer, your monthly SIP of Rs 5000 has been successfully debited. [Ref ID: 10420]"
ham,Recharge of Rs 299 for mobile 9876543210 is successful. Txn ID: 39401827491. [Ref ID: 10420]
ham,Meeting rescheduled to 4 PM today. Let me know if that works. [Ref ID: 10420]
ham,Your OTP for login is 482910. Do not share it with anyone. [Ref ID: 10420]
ham,Payment of Rs 450 received from Amit Sharma via Razorpay. [Ref ID: 10420]
ham,Reminder: Doctor appointment scheduled for tomorrow at 10 AM. [Ref ID: 10420]
ham,Your broadband plan expires in 3 days. Renew at Airtel Thanks App. [Ref ID: 10420]
spam,URGENT: Electricity power line will be disconnected tonight at 9.30pm. Pay overdue bill Rs 8742 immediately at hxxp://elect-pay-bill.top/pay [Ref ID: 10421]
spam,"DEAR CUSTOMER, your account is suspended due to missing KYC. Click http://bank-kyc-update.online to verify immediately or legal action will be taken. [Ref ID: 10421]"
spam,"Congratulations! You won a cash reward of Rs 25,000 from Razorpay Scratch Card. Collect now at http://razorpay-reward-claim.xyz [Ref ID: 10421]"
spam,COURIER ALERT: Parcel #IN-9402 held at customs due to unpaid duty Rs 1499. Pay urgently at http://customs-clearance-pay.com to release parcel. [Ref ID: 10421]
spam,Cyber Crime Notice: Your mobile number is flagged for illegal activities. Pay fine Rs 5000 at http://police-challan-pay.tech to avoid arrest warrant. [Ref ID: 10421]
spam,"Dear User, customer support refund of Rs 4999 is approved. Pay processing fee of Rs 199 at http://refund-support-portal.site to receive funds. [Ref ID: 10421]"
spam,"URGENT: Income tax refund Rs 14,200 pending. Update bank details & pay service tax Rs 850 at http://incometax-refund-gov.in.net [Ref ID: 10421]"
spam,Work from home job offer! Earn Rs 5000 daily by processing simple UPI payments. Register at http://easy-money-pay.top [Ref ID: 10421]
spam,Electricity bill update: Previous payment failed. Pay Rs 3420 within 30 minutes to prevent line cut. Link: http://bill-pay-fast.online [Ref ID: 10421]
spam,"Bank Security Alert: Unauthorized transaction of Rs 45,000 detected. Click http://secure-bank-cancel.online immediately to reverse payment. [Ref ID: 10421]"
ham,Your electricity bill of Rs 1450 for A/C 400192839 is due on 25-Aug. Pay via official app. [Ref ID: 10430]
ham,"Hi Priya, sending you my share for dinner yesterday via UPI. Thanks! [Ref ID: 10430]"
ham,Your order #89211 from Amazon has been dispatched. Track your delivery on amazon.in [Ref ID: 10430]
ham,"Dear customer, your monthly SIP of Rs 5000 has been successfully debited. [Ref ID: 10430]"
ham,Recharge of Rs 299 for mobile 9876543210 is successful. Txn ID: 39401827491. [Ref ID: 10430]
ham,Meeting rescheduled to 4 PM today. Let me know if that works. [Ref ID: 10430]
ham,Your OTP for login is 482910. Do not share it with anyone. [Ref ID: 10430]
ham,Payment of Rs 450 received from Amit Sharma via Razorpay. [Ref ID: 10430]
ham,Reminder: Doctor appointment scheduled for tomorrow at 10 AM. [Ref ID: 10430]
ham,Your broadband plan expires in 3 days. Renew at Airtel Thanks App. [Ref ID: 10430]
spam,URGENT: Electricity power line will be disconnected tonight at 9.30pm. Pay overdue bill Rs 8742 immediately at hxxp://elect-pay-bill.top/pay [Ref ID: 10431]
spam,"DEAR CUSTOMER, your account is suspended due to missing KYC. Click http://bank-kyc-update.online to verify immediately or legal action will be taken. [Ref ID: 10431]"
spam,"Congratulations! You won a cash reward of Rs 25,000 from Razorpay Scratch Card. Collect now at http://razorpay-reward-claim.xyz [Ref ID: 10431]"
spam,COURIER ALERT: Parcel #IN-9402 held at customs due to unpaid duty Rs 1499. Pay urgently at http://customs-clearance-pay.com to release parcel. [Ref ID: 10431]
spam,Cyber Crime Notice: Your mobile number is flagged for illegal activities. Pay fine Rs 5000 at http://police-challan-pay.tech to avoid arrest warrant. [Ref ID: 10431]
spam,"Dear User, customer support refund of Rs 4999 is approved. Pay processing fee of Rs 199 at http://refund-support-portal.site to receive funds. [Ref ID: 10431]"
spam,"URGENT: Income tax refund Rs 14,200 pending. Update bank details & pay service tax Rs 850 at http://incometax-refund-gov.in.net [Ref ID: 10431]"
spam,Work from home job offer! Earn Rs 5000 daily by processing simple UPI payments. Register at http://easy-money-pay.top [Ref ID: 10431]
spam,Electricity bill update: Previous payment failed. Pay Rs 3420 within 30 minutes to prevent line cut. Link: http://bill-pay-fast.online [Ref ID: 10431]
spam,"Bank Security Alert: Unauthorized transaction of Rs 45,000 detected. Click http://secure-bank-cancel.online immediately to reverse payment. [Ref ID: 10431]"
ham,Your electricity bill of Rs 1450 for A/C 400192839 is due on 25-Aug. Pay via official app. [Ref ID: 10440]
ham,"Hi Priya, sending you my share for dinner yesterday via UPI. Thanks! [Ref ID: 10440]"
ham,Your order #89211 from Amazon has been dispatched. Track your delivery on amazon.in [Ref ID: 10440]
ham,"Dear customer, your monthly SIP of Rs 5000 has been successfully debited. [Ref ID: 10440]"
ham,Recharge of Rs 299 for mobile 9876543210 is successful. Txn ID: 39401827491. [Ref ID: 10440]
ham,Meeting rescheduled to 4 PM today. Let me know if that works. [Ref ID: 10440]
ham,Your OTP for login is 482910. Do not share it with anyone. [Ref ID: 10440]
ham,Payment of Rs 450 received from Amit Sharma via Razorpay. [Ref ID: 10440]
ham,Reminder: Doctor appointment scheduled for tomorrow at 10 AM. [Ref ID: 10440]
ham,Your broadband plan expires in 3 days. Renew at Airtel Thanks App. [Ref ID: 10440]
spam,URGENT: Electricity power line will be disconnected tonight at 9.30pm. Pay overdue bill Rs 8742 immediately at hxxp://elect-pay-bill.top/pay [Ref ID: 10441]
spam,"DEAR CUSTOMER, your account is suspended due to missing KYC. Click http://bank-kyc-update.online to verify immediately or legal action will be taken. [Ref ID: 10441]"
spam,"Congratulations! You won a cash reward of Rs 25,000 from Razorpay Scratch Card. Collect now at http://razorpay-reward-claim.xyz [Ref ID: 10441]"
spam,COURIER ALERT: Parcel #IN-9402 held at customs due to unpaid duty Rs 1499. Pay urgently at http://customs-clearance-pay.com to release parcel. [Ref ID: 10441]
spam,Cyber Crime Notice: Your mobile number is flagged for illegal activities. Pay fine Rs 5000 at http://police-challan-pay.tech to avoid arrest warrant. [Ref ID: 10441]
spam,"Dear User, customer support refund of Rs 4999 is approved. Pay processing fee of Rs 199 at http://refund-support-portal.site to receive funds. [Ref ID: 10441]"
spam,"URGENT: Income tax refund Rs 14,200 pending. Update bank details & pay service tax Rs 850 at http://incometax-refund-gov.in.net [Ref ID: 10441]"
spam,Work from home job offer! Earn Rs 5000 daily by processing simple UPI payments. Register at http://easy-money-pay.top [Ref ID: 10441]
spam,Electricity bill update: Previous payment failed. Pay Rs 3420 within 30 minutes to prevent line cut. Link: http://bill-pay-fast.online [Ref ID: 10441]
spam,"Bank Security Alert: Unauthorized transaction of Rs 45,000 detected. Click http://secure-bank-cancel.online immediately to reverse payment. [Ref ID: 10441]"
ham,Your electricity bill of Rs 1450 for A/C 400192839 is due on 25-Aug. Pay via official app. [Ref ID: 10450]
ham,"Hi Priya, sending you my share for dinner yesterday via UPI. Thanks! [Ref ID: 10450]"
ham,Your order #89211 from Amazon has been dispatched. Track your delivery on amazon.in [Ref ID: 10450]
ham,"Dear customer, your monthly SIP of Rs 5000 has been successfully debited. [Ref ID: 10450]"
ham,Recharge of Rs 299 for mobile 9876543210 is successful. Txn ID: 39401827491. [Ref ID: 10450]
ham,Meeting rescheduled to 4 PM today. Let me know if that works. [Ref ID: 10450]
ham,Your OTP for login is 482910. Do not share it with anyone. [Ref ID: 10450]
ham,Payment of Rs 450 received from Amit Sharma via Razorpay. [Ref ID: 10450]
ham,Reminder: Doctor appointment scheduled for tomorrow at 10 AM. [Ref ID: 10450]
ham,Your broadband plan expires in 3 days. Renew at Airtel Thanks App. [Ref ID: 10450]
spam,URGENT: Electricity power line will be disconnected tonight at 9.30pm. Pay overdue bill Rs 8742 immediately at hxxp://elect-pay-bill.top/pay [Ref ID: 10451]
spam,"DEAR CUSTOMER, your account is suspended due to missing KYC. Click http://bank-kyc-update.online to verify immediately or legal action will be taken. [Ref ID: 10451]"
spam,"Congratulations! You won a cash reward of Rs 25,000 from Razorpay Scratch Card. Collect now at http://razorpay-reward-claim.xyz [Ref ID: 10451]"
spam,COURIER ALERT: Parcel #IN-9402 held at customs due to unpaid duty Rs 1499. Pay urgently at http://customs-clearance-pay.com to release parcel. [Ref ID: 10451]
spam,Cyber Crime Notice: Your mobile number is flagged for illegal activities. Pay fine Rs 5000 at http://police-challan-pay.tech to avoid arrest warrant. [Ref ID: 10451]
spam,"Dear User, customer support refund of Rs 4999 is approved. Pay processing fee of Rs 199 at http://refund-support-portal.site to receive funds. [Ref ID: 10451]"
spam,"URGENT: Income tax refund Rs 14,200 pending. Update bank details & pay service tax Rs 850 at http://incometax-refund-gov.in.net [Ref ID: 10451]"
spam,Work from home job offer! Earn Rs 5000 daily by processing simple UPI payments. Register at http://easy-money-pay.top [Ref ID: 10451]
spam,Electricity bill update: Previous payment failed. Pay Rs 3420 within 30 minutes to prevent line cut. Link: http://bill-pay-fast.online [Ref ID: 10451]
spam,"Bank Security Alert: Unauthorized transaction of Rs 45,000 detected. Click http://secure-bank-cancel.online immediately to reverse payment. [Ref ID: 10451]"
ham,Your electricity bill of Rs 1450 for A/C 400192839 is due on 25-Aug. Pay via official app. [Ref ID: 10460]
ham,"Hi Priya, sending you my share for dinner yesterday via UPI. Thanks! [Ref ID: 10460]"
ham,Your order #89211 from Amazon has been dispatched. Track your delivery on amazon.in [Ref ID: 10460]
ham,"Dear customer, your monthly SIP of Rs 5000 has been successfully debited. [Ref ID: 10460]"
ham,Recharge of Rs 299 for mobile 9876543210 is successful. Txn ID: 39401827491. [Ref ID: 10460]
ham,Meeting rescheduled to 4 PM today. Let me know if that works. [Ref ID: 10460]
ham,Your OTP for login is 482910. Do not share it with anyone. [Ref ID: 10460]
ham,Payment of Rs 450 received from Amit Sharma via Razorpay. [Ref ID: 10460]
ham,Reminder: Doctor appointment scheduled for tomorrow at 10 AM. [Ref ID: 10460]
ham,Your broadband plan expires in 3 days. Renew at Airtel Thanks App. [Ref ID: 10460]
spam,URGENT: Electricity power line will be disconnected tonight at 9.30pm. Pay overdue bill Rs 8742 immediately at hxxp://elect-pay-bill.top/pay [Ref ID: 10461]
spam,"DEAR CUSTOMER, your account is suspended due to missing KYC. Click http://bank-kyc-update.online to verify immediately or legal action will be taken. [Ref ID: 10461]"
spam,"Congratulations! You won a cash reward of Rs 25,000 from Razorpay Scratch Card. Collect now at http://razorpay-reward-claim.xyz [Ref ID: 10461]"
spam,COURIER ALERT: Parcel #IN-9402 held at customs due to unpaid duty Rs 1499. Pay urgently at http://customs-clearance-pay.com to release parcel. [Ref ID: 10461]
spam,Cyber Crime Notice: Your mobile number is flagged for illegal activities. Pay fine Rs 5000 at http://police-challan-pay.tech to avoid arrest warrant. [Ref ID: 10461]
spam,"Dear User, customer support refund of Rs 4999 is approved. Pay processing fee of Rs 199 at http://refund-support-portal.site to receive funds. [Ref ID: 10461]"
spam,"URGENT: Income tax refund Rs 14,200 pending. Update bank details & pay service tax Rs 850 at http://incometax-refund-gov.in.net [Ref ID: 10461]"
spam,Work from home job offer! Earn Rs 5000 daily by processing simple UPI payments. Register at http://easy-money-pay.top [Ref ID: 10461]
spam,Electricity bill update: Previous payment failed. Pay Rs 3420 within 30 minutes to prevent line cut. Link: http://bill-pay-fast.online [Ref ID: 10461]
spam,"Bank Security Alert: Unauthorized transaction of Rs 45,000 detected. Click http://secure-bank-cancel.online immediately to reverse payment. [Ref ID: 10461]"
ham,Your electricity bill of Rs 1450 for A/C 400192839 is due on 25-Aug. Pay via official app. [Ref ID: 10470]
ham,"Hi Priya, sending you my share for dinner yesterday via UPI. Thanks! [Ref ID: 10470]"
ham,Your order #89211 from Amazon has been dispatched. Track your delivery on amazon.in [Ref ID: 10470]
ham,"Dear customer, your monthly SIP of Rs 5000 has been successfully debited. [Ref ID: 10470]"
ham,Recharge of Rs 299 for mobile 9876543210 is successful. Txn ID: 39401827491. [Ref ID: 10470]
ham,Meeting rescheduled to 4 PM today. Let me know if that works. [Ref ID: 10470]
ham,Your OTP for login is 482910. Do not share it with anyone. [Ref ID: 10470]
ham,Payment of Rs 450 received from Amit Sharma via Razorpay. [Ref ID: 10470]
ham,Reminder: Doctor appointment scheduled for tomorrow at 10 AM. [Ref ID: 10470]
ham,Your broadband plan expires in 3 days. Renew at Airtel Thanks App. [Ref ID: 10470]
spam,URGENT: Electricity power line will be disconnected tonight at 9.30pm. Pay overdue bill Rs 8742 immediately at hxxp://elect-pay-bill.top/pay [Ref ID: 10471]
spam,"DEAR CUSTOMER, your account is suspended due to missing KYC. Click http://bank-kyc-update.online to verify immediately or legal action will be taken. [Ref ID: 10471]"
spam,"Congratulations! You won a cash reward of Rs 25,000 from Razorpay Scratch Card. Collect now at http://razorpay-reward-claim.xyz [Ref ID: 10471]"
spam,COURIER ALERT: Parcel #IN-9402 held at customs due to unpaid duty Rs 1499. Pay urgently at http://customs-clearance-pay.com to release parcel. [Ref ID: 10471]
spam,Cyber Crime Notice: Your mobile number is flagged for illegal activities. Pay fine Rs 5000 at http://police-challan-pay.tech to avoid arrest warrant. [Ref ID: 10471]
spam,"Dear User, customer support refund of Rs 4999 is approved. Pay processing fee of Rs 199 at http://refund-support-portal.site to receive funds. [Ref ID: 10471]"
spam,"URGENT: Income tax refund Rs 14,200 pending. Update bank details & pay service tax Rs 850 at http://incometax-refund-gov.in.net [Ref ID: 10471]"
spam,Work from home job offer! Earn Rs 5000 daily by processing simple UPI payments. Register at http://easy-money-pay.top [Ref ID: 10471]
spam,Electricity bill update: Previous payment failed. Pay Rs 3420 within 30 minutes to prevent line cut. Link: http://bill-pay-fast.online [Ref ID: 10471]
spam,"Bank Security Alert: Unauthorized transaction of Rs 45,000 detected. Click http://secure-bank-cancel.online immediately to reverse payment. [Ref ID: 10471]"
ham,Your electricity bill of Rs 1450 for A/C 400192839 is due on 25-Aug. Pay via official app. [Ref ID: 10480]
ham,"Hi Priya, sending you my share for dinner yesterday via UPI. Thanks! [Ref ID: 10480]"
ham,Your order #89211 from Amazon has been dispatched. Track your delivery on amazon.in [Ref ID: 10480]
ham,"Dear customer, your monthly SIP of Rs 5000 has been successfully debited. [Ref ID: 10480]"
ham,Recharge of Rs 299 for mobile 9876543210 is successful. Txn ID: 39401827491. [Ref ID: 10480]
ham,Meeting rescheduled to 4 PM today. Let me know if that works. [Ref ID: 10480]
ham,Your OTP for login is 482910. Do not share it with anyone. [Ref ID: 10480]
ham,Payment of Rs 450 received from Amit Sharma via Razorpay. [Ref ID: 10480]
ham,Reminder: Doctor appointment scheduled for tomorrow at 10 AM. [Ref ID: 10480]
ham,Your broadband plan expires in 3 days. Renew at Airtel Thanks App. [Ref ID: 10480]
spam,URGENT: Electricity power line will be disconnected tonight at 9.30pm. Pay overdue bill Rs 8742 immediately at hxxp://elect-pay-bill.top/pay [Ref ID: 10481]
spam,"DEAR CUSTOMER, your account is suspended due to missing KYC. Click http://bank-kyc-update.online to verify immediately or legal action will be taken. [Ref ID: 10481]"
spam,"Congratulations! You won a cash reward of Rs 25,000 from Razorpay Scratch Card. Collect now at http://razorpay-reward-claim.xyz [Ref ID: 10481]"
spam,COURIER ALERT: Parcel #IN-9402 held at customs due to unpaid duty Rs 1499. Pay urgently at http://customs-clearance-pay.com to release parcel. [Ref ID: 10481]
spam,Cyber Crime Notice: Your mobile number is flagged for illegal activities. Pay fine Rs 5000 at http://police-challan-pay.tech to avoid arrest warrant. [Ref ID: 10481]
spam,"Dear User, customer support refund of Rs 4999 is approved. Pay processing fee of Rs 199 at http://refund-support-portal.site to receive funds. [Ref ID: 10481]"
spam,"URGENT: Income tax refund Rs 14,200 pending. Update bank details & pay service tax Rs 850 at http://incometax-refund-gov.in.net [Ref ID: 10481]"
spam,Work from home job offer! Earn Rs 5000 daily by processing simple UPI payments. Register at http://easy-money-pay.top [Ref ID: 10481]
spam,Electricity bill update: Previous payment failed. Pay Rs 3420 within 30 minutes to prevent line cut. Link: http://bill-pay-fast.online [Ref ID: 10481]
spam,"Bank Security Alert: Unauthorized transaction of Rs 45,000 detected. Click http://secure-bank-cancel.online immediately to reverse payment. [Ref ID: 10481]"
ham,Your electricity bill of Rs 1450 for A/C 400192839 is due on 25-Aug. Pay via official app. [Ref ID: 10490]
ham,"Hi Priya, sending you my share for dinner yesterday via UPI. Thanks! [Ref ID: 10490]"
ham,Your order #89211 from Amazon has been dispatched. Track your delivery on amazon.in [Ref ID: 10490]
ham,"Dear customer, your monthly SIP of Rs 5000 has been successfully debited. [Ref ID: 10490]"
ham,Recharge of Rs 299 for mobile 9876543210 is successful. Txn ID: 39401827491. [Ref ID: 10490]
ham,Meeting rescheduled to 4 PM today. Let me know if that works. [Ref ID: 10490]
ham,Your OTP for login is 482910. Do not share it with anyone. [Ref ID: 10490]
ham,Payment of Rs 450 received from Amit Sharma via Razorpay. [Ref ID: 10490]
ham,Reminder: Doctor appointment scheduled for tomorrow at 10 AM. [Ref ID: 10490]
ham,Your broadband plan expires in 3 days. Renew at Airtel Thanks App. [Ref ID: 10490]
spam,URGENT: Electricity power line will be disconnected tonight at 9.30pm. Pay overdue bill Rs 8742 immediately at hxxp://elect-pay-bill.top/pay [Ref ID: 10491]
spam,"DEAR CUSTOMER, your account is suspended due to missing KYC. Click http://bank-kyc-update.online to verify immediately or legal action will be taken. [Ref ID: 10491]"
spam,"Congratulations! You won a cash reward of Rs 25,000 from Razorpay Scratch Card. Collect now at http://razorpay-reward-claim.xyz [Ref ID: 10491]"
spam,COURIER ALERT: Parcel #IN-9402 held at customs due to unpaid duty Rs 1499. Pay urgently at http://customs-clearance-pay.com to release parcel. [Ref ID: 10491]
spam,Cyber Crime Notice: Your mobile number is flagged for illegal activities. Pay fine Rs 5000 at http://police-challan-pay.tech to avoid arrest warrant. [Ref ID: 10491]
spam,"Dear User, customer support refund of Rs 4999 is approved. Pay processing fee of Rs 199 at http://refund-support-portal.site to receive funds. [Ref ID: 10491]"
spam,"URGENT: Income tax refund Rs 14,200 pending. Update bank details & pay service tax Rs 850 at http://incometax-refund-gov.in.net [Ref ID: 10491]"
spam,Work from home job offer! Earn Rs 5000 daily by processing simple UPI payments. Register at http://easy-money-pay.top [Ref ID: 10491]
spam,Electricity bill update: Previous payment failed. Pay Rs 3420 within 30 minutes to prevent line cut. Link: http://bill-pay-fast.online [Ref ID: 10491]
spam,"Bank Security Alert: Unauthorized transaction of Rs 45,000 detected. Click http://secure-bank-cancel.online immediately to reverse payment. [Ref ID: 10491]"
